Publication,Region,Sample size,Nb patients included,Pathology,EBS procedure,Sensory-Perceptual,Body perception,Auditory,Simple perception,Complex perception,Illusion,Visual,Simple perception2,Complex perception3,Illusion4,Gustatory,Pleasant,Unpleasant,Olfactory,Pleasant2,Unpleasant3,Vestibular ,Somatosensory,Painful,Non-painful,Upper limb,Lower limb,Head/neck/trunk,Affective,Positive,Happiness/well being,Ecstatic/bliss,Mirth,Negative,Anger,Anxiety,Fear,Sadness,Autonomic,Cardiovascular,Temperature,Visceral (including epigastric sensations),Pupillary,Respiratory,Cognitive/language,Language,Speech,Other [temporary!],Reminiscence/déjà rêvé,Déjà vu/déjà vécu/jamais vu,Derealization,Focal cognitive deficits ,Motor ,Negative - Arrest/Slowing/disturbances,Upper limb3,Lower limb4,Head/neck/trunk5,Articulatory,Eyes,Positive7,Upper limb2,Lower limb2,Head/neck/trunk2,Articulatory2,Eyes3,Automatisms,Altered consciousness/awareness,No effect,Other/unclassifiable,Brain area explored,Phenomenological description,Patient ID,Age (years),Sex,Electrode stimulated / Stimulation ID,Handedness,Stimulation parameters Frequency (Hz),Stimulation parameters  Pulse width (ms),Stimulation parameters Intensity,Stimulation Intensity Unit (mA or V),Stimulation parameters Duration (s),Side of stimutation,Site of EBS evoking a response,Source/Localization of EBS coordinates,Type of coordinates,EBS coordinates (MNI space) x,EBS coordinates (MNI space) y,EBS coordinates (MNI space) z,Article,Note,
"Blanke,  Spinelli et al., 2000",Switzerland,6,3,Epilepsy,SEEG,FALSE,0,FALSE,0,0,0,FALSE,0,0,0,FALSE,0,0,FALSE,0,0,0,FALSE,0,0,0,0,0,FALSE,FALSE,0,0,0,FALSE,0,0,0,0,FALSE,0,0,0,0,0,FALSE,FALSE,0,0,0,0,0,0,TRUE,FALSE,0,0,0,0,0,TRUE,0,0,0,0,1,0,0,FALSE,0,Frontal,<Saccadic eyes movements>,Patient DK,18,F,DK-EM 1,Right,50,0.3,4.3,mA,2,Left,Middle frontal gyrus,Table 2,Converted from Talairach coordinates ,-30.80,26.43,45.99,"Blanke, O., Spinelli, L., Thut, G., Michel, C. M., Perrig, S., Landis, T., & Seeck, M. (2000). Location of the human frontal eye field as defined by electrical cortical stimulation: Anatomical, functional and electrophysiological characteristics. NeuroReport, 11(9), 1907–1913. https://doi.org/10.1097/00001756-200006260-00021","Coordinates were initially in Talairach space. The current threshold, i.e. the least current required to evoke a saccadic EM was 4.3mA (mean) and varied between 3.5 and 5.5 mA. Only at one EM site was a higher current (8.5 mA) observed. The large majority of saccadic responses were composed of a sequence of saccades or a staircase of saccades which consisted of 2±4 contralateral EMs driving the eyes into their mechanical limits (85% of all stimulations).",
"Blanke,  Spinelli et al., 2000",Switzerland,6,3,Epilepsy,SEEG,FALSE,0,FALSE,0,0,0,FALSE,0,0,0,FALSE,0,0,FALSE,0,0,0,FALSE,0,0,0,0,0,FALSE,FALSE,0,0,0,FALSE,0,0,0,0,FALSE,0,0,0,0,0,FALSE,FALSE,0,0,0,0,0,0,TRUE,FALSE,0,0,0,0,0,TRUE,0,0,0,0,1,0,0,FALSE,0,Frontal,<Saccadic eyes movements>,Patient DK,18,F,DK-EM 2,Right,50,0.3,4.3,mA,2,Left,Middle frontal gyrus,Table 2,Converted from Talairach coordinates ,-33.87,24.37,58.57,"Blanke, O., Spinelli, L., Thut, G., Michel, C. M., Perrig, S., Landis, T., & Seeck, M. (2000). Location of the human frontal eye field as defined by electrical cortical stimulation: Anatomical, functional and electrophysiological characteristics. NeuroReport, 11(9), 1907–1913. https://doi.org/10.1097/00001756-200006260-00022","Coordinates were initially in Talairach space. The current threshold, i.e. the least current required to evoke a saccadic EM was 4.3mA (mean) and varied between 3.5 and 5.5 mA. Only at one EM site was a higher current (8.5 mA) observed. The large majority of saccadic responses were composed of a sequence of saccades or a staircase of saccades which consisted of 2±4 contralateral EMs driving the eyes into their mechanical limits (85% of all stimulations).",
"Blanke,  Spinelli et al., 2000",Switzerland,6,3,Epilepsy,SEEG,FALSE,0,FALSE,0,0,0,FALSE,0,0,0,FALSE,0,0,FALSE,0,0,0,FALSE,0,0,0,0,0,FALSE,FALSE,0,0,0,FALSE,0,0,0,0,FALSE,0,0,0,0,0,FALSE,FALSE,0,0,0,0,0,0,TRUE,FALSE,0,0,0,0,0,TRUE,0,0,0,0,1,0,0,FALSE,0,Frontal,<Saccadic eyes movements>,Patient DK,18,F,DK-EM 3,Right,50,0.3,4.3,mA,2,Left,Middle frontal gyrus,Table 2,Converted from Talairach coordinates ,-52.49,21.38,39.02,"Blanke, O., Spinelli, L., Thut, G., Michel, C. M., Perrig, S., Landis, T., & Seeck, M. (2000). Location of the human frontal eye field as defined by electrical cortical stimulation: Anatomical, functional and electrophysiological characteristics. NeuroReport, 11(9), 1907–1913. https://doi.org/10.1097/00001756-200006260-00023","Coordinates were initially in Talairach space. The current threshold, i.e. the least current required to evoke a saccadic EM was 4.3mA (mean) and varied between 3.5 and 5.5 mA. Only at one EM site was a higher current (8.5 mA) observed. The large majority of saccadic responses were composed of a sequence of saccades or a staircase of saccades which consisted of 2±4 contralateral EMs driving the eyes into their mechanical limits (85% of all stimulations).",
"Blanke,  Spinelli et al., 2000",Switzerland,6,3,Epilepsy,SEEG,FALSE,0,FALSE,0,0,0,FALSE,0,0,0,FALSE,0,0,FALSE,0,0,0,FALSE,0,0,0,0,0,FALSE,FALSE,0,0,0,FALSE,0,0,0,0,FALSE,0,0,0,0,0,FALSE,FALSE,0,0,0,0,0,0,TRUE,FALSE,0,0,0,0,0,TRUE,0,0,0,0,1,0,0,FALSE,0,Frontal,"<Saccadic eyes movements, smooth>",Patient DK,18,F,DK-EM 4,Right,50,0.3,4.5,mA,2,Left,Middle frontal gyrus,Table 2,Converted from Talairach coordinates ,-44.76,17.12,50.51,"Blanke, O., Spinelli, L., Thut, G., Michel, C. M., Perrig, S., Landis, T., & Seeck, M. (2000). Location of the human frontal eye field as defined by electrical cortical stimulation: Anatomical, functional and electrophysiological characteristics. NeuroReport, 11(9), 1907–1913. https://doi.org/10.1097/00001756-200006260-00024","Coordinates were initially in Talairach space. The current threshold, i.e. the least current required to evoke a saccadic EM was 4.3mA (mean) and varied between 3.5 and 5.5 mA. Only at one EM site was a higher current (8.5 mA) observed. The large majority of saccadic responses were composed of a sequence of saccades or a staircase of saccades which consisted of 2±4 contralateral EMs driving the eyes into their mechanical limits (85% of all stimulations).",
"Blanke,  Spinelli et al., 2000",Switzerland,6,3,Epilepsy,SEEG,FALSE,0,FALSE,0,0,0,FALSE,0,0,0,FALSE,0,0,FALSE,0,0,0,FALSE,0,0,0,0,0,FALSE,FALSE,0,0,0,FALSE,0,0,0,0,FALSE,0,0,0,0,0,FALSE,FALSE,0,0,0,0,0,0,TRUE,FALSE,0,0,0,0,0,TRUE,0,0,0,0,1,0,0,FALSE,0,Frontal,<Saccadic eyes movements>,Patient DK,18,F,DK-EM 5,Right,50,0.3,1.5,mA,2,Left,Anterior to the junction of the superior frontal sulcus with the precentral sulcus,Table 2,Converted from Talairach coordinates ,-37.12,14.48,56.25,"Blanke, O., Spinelli, L., Thut, G., Michel, C. M., Perrig, S., Landis, T., & Seeck, M. (2000). Location of the human frontal eye field as defined by electrical cortical stimulation: Anatomical, functional and electrophysiological characteristics. NeuroReport, 11(9), 1907–1913. https://doi.org/10.1097/00001756-200006260-00025","Coordinates were initially in Talairach space. The current threshold, i.e. the least current required to evoke a saccadic EM was 4.3mA (mean) and varied between 3.5 and 5.5 mA. Only at one EM site was a higher current (8.5 mA) observed. The large majority of saccadic responses were composed of a sequence of saccades or a staircase of saccades which consisted of 2±4 contralateral EMs driving the eyes into their mechanical limits (85% of all stimulations).",
"Blanke,  Spinelli et al., 2000",Switzerland,6,3,Epilepsy,SEEG,FALSE,0,FALSE,0,0,0,FALSE,0,0,0,FALSE,0,0,FALSE,0,0,0,FALSE,0,0,0,0,0,FALSE,FALSE,0,0,0,FALSE,0,0,0,0,FALSE,0,0,0,0,0,FALSE,FALSE,0,0,0,0,0,0,TRUE,FALSE,0,0,0,0,0,TRUE,0,0,0,0,1,0,0,FALSE,0,Frontal,<Saccadic eyes movements>,Patient NB,43,F,NB-EM 1,Right,50,0.3,4.3,mA,2,Left,Middle frontal gyrus,Table 2,Converted from Talairach coordinates ,-35.15,27.27,43.74,"Blanke, O., Spinelli, L., Thut, G., Michel, C. M., Perrig, S., Landis, T., & Seeck, M. (2000). Location of the human frontal eye field as defined by electrical cortical stimulation: Anatomical, functional and electrophysiological characteristics. NeuroReport, 11(9), 1907–1913. https://doi.org/10.1097/00001756-200006260-00026","Coordinates were initially in Talairach space. The current threshold, i.e. the least current required to evoke a saccadic EM was 4.3mA (mean) and varied between 3.5 and 5.5 mA. Only at one EM site was a higher current (8.5 mA) observed. The large majority of saccadic responses were composed of a sequence of saccades or a staircase of saccades which consisted of 2±4 contralateral EMs driving the eyes into their mechanical limits (85% of all stimulations).",
"Blanke,  Spinelli et al., 2000",Switzerland,6,3,Epilepsy,SEEG,FALSE,0,FALSE,0,0,0,FALSE,0,0,0,FALSE,0,0,FALSE,0,0,0,FALSE,0,0,0,0,0,FALSE,FALSE,0,0,0,FALSE,0,0,0,0,FALSE,0,0,0,0,0,FALSE,FALSE,0,0,0,0,0,0,TRUE,FALSE,0,0,0,0,0,TRUE,0,0,0,0,1,0,0,FALSE,0,Frontal,<Saccadic eyes movements>,Patient NB,43,F,NB-EM 2,Right,50,0.3,4.3,mA,2,Left,Middle frontal gyrus,Table 2,Converted from Talairach coordinates ,-33.94,18.43,52.44,"Blanke, O., Spinelli, L., Thut, G., Michel, C. M., Perrig, S., Landis, T., & Seeck, M. (2000). Location of the human frontal eye field as defined by electrical cortical stimulation: Anatomical, functional and electrophysiological characteristics. NeuroReport, 11(9), 1907–1913. https://doi.org/10.1097/00001756-200006260-00027","Coordinates were initially in Talairach space. The current threshold, i.e. the least current required to evoke a saccadic EM was 4.3mA (mean) and varied between 3.5 and 5.5 mA. Only at one EM site was a higher current (8.5 mA) observed. The large majority of saccadic responses were composed of a sequence of saccades or a staircase of saccades which consisted of 2±4 contralateral EMs driving the eyes into their mechanical limits (85% of all stimulations).",
"Blanke,  Spinelli et al., 2000",Switzerland,6,3,Epilepsy,SEEG,FALSE,0,FALSE,0,0,0,FALSE,0,0,0,FALSE,0,0,FALSE,0,0,0,FALSE,0,0,0,0,0,FALSE,FALSE,0,0,0,FALSE,0,0,0,0,FALSE,0,0,0,0,0,FALSE,FALSE,0,0,0,0,0,0,TRUE,FALSE,0,0,0,0,0,TRUE,0,0,0,0,1,0,0,FALSE,0,Frontal,<Saccadic eyes movements>,Patient AM,27,F,AM-EM 1,Ambidextrous,50,0.3,4.3,mA,2,Left,Precentral gyrus,Table 2,Converted from Talairach coordinates ,-51.29,2.55,44.22,"Blanke, O., Spinelli, L., Thut, G., Michel, C. M., Perrig, S., Landis, T., & Seeck, M. (2000). Location of the human frontal eye field as defined by electrical cortical stimulation: Anatomical, functional and electrophysiological characteristics. NeuroReport, 11(9), 1907–1913. https://doi.org/10.1097/00001756-200006260-00028","Coordinates were initially in Talairach space. The current threshold, i.e. the least current required to evoke a saccadic EM was 4.3mA (mean) and varied between 3.5 and 5.5 mA. Only at one EM site was a higher current (8.5 mA) observed. The large majority of saccadic responses were composed of a sequence of saccades or a staircase of saccades which consisted of 2±4 contralateral EMs driving the eyes into their mechanical limits (85% of all stimulations).",
"Blanke,  Spinelli et al., 2000",Switzerland,6,3,Epilepsy,SEEG,FALSE,0,FALSE,0,0,0,FALSE,0,0,0,FALSE,0,0,FALSE,0,0,0,FALSE,0,0,0,0,0,FALSE,FALSE,0,0,0,FALSE,0,0,0,0,FALSE,0,0,0,0,0,FALSE,FALSE,0,0,0,0,0,0,TRUE,FALSE,0,0,0,0,0,TRUE,0,0,0,0,1,0,0,FALSE,0,Frontal,<Saccadic eyes movements>,Patient AM,27,F,AM-EM 2,Ambidextrous,50,0.3,4.3,mA,2,Left,Precentral gyrus,Table 2,Converted from Talairach coordinates ,-45.72,-2.78,55.86,"Blanke, O., Spinelli, L., Thut, G., Michel, C. M., Perrig, S., Landis, T., & Seeck, M. (2000). Location of the human frontal eye field as defined by electrical cortical stimulation: Anatomical, functional and electrophysiological characteristics. NeuroReport, 11(9), 1907–1913. https://doi.org/10.1097/00001756-200006260-00029","Coordinates were initially in Talairach space. The current threshold, i.e. the least current required to evoke a saccadic EM was 4.3mA (mean) and varied between 3.5 and 5.5 mA. Only at one EM site was a higher current (8.5 mA) observed. The large majority of saccadic responses were composed of a sequence of saccades or a staircase of saccades which consisted of 2±4 contralateral EMs driving the eyes into their mechanical limits (85% of all stimulations).",
"Blanke,  Spinelli et al., 2000",Switzerland,6,3,Epilepsy,SEEG,FALSE,0,FALSE,0,0,0,FALSE,0,0,0,FALSE,0,0,FALSE,0,0,0,FALSE,0,0,0,0,0,FALSE,FALSE,0,0,0,FALSE,0,0,0,0,FALSE,0,0,0,0,0,FALSE,FALSE,0,0,0,0,0,0,TRUE,FALSE,0,0,0,0,0,TRUE,0,0,0,0,1,0,0,FALSE,0,Frontal,<Saccadic eyes movements>,Patient AM,27,F,AM-EM 3,Ambidextrous,50,0.3,4.3,mA,2,Left,Precentral gyrus,Table 2,Converted from Talairach coordinates ,-29.42,-7.42,62.76,"Blanke, O., Spinelli, L., Thut, G., Michel, C. M., Perrig, S., Landis, T., & Seeck, M. (2000). Location of the human frontal eye field as defined by electrical cortical stimulation: Anatomical, functional and electrophysiological characteristics. NeuroReport, 11(9), 1907–1913. https://doi.org/10.1097/00001756-200006260-00030","Coordinates were initially in Talairach space. The current threshold, i.e. the least current required to evoke a saccadic EM was 4.3mA (mean) and varied between 3.5 and 5.5 mA. Only at one EM site was a higher current (8.5 mA) observed. The large majority of saccadic responses were composed of a sequence of saccades or a staircase of saccades which consisted of 2±4 contralateral EMs driving the eyes into their mechanical limits (85% of all stimulations).",
"Blanke,  Spinelli et al., 2000",Switzerland,6,3,Epilepsy,SEEG,FALSE,0,FALSE,0,0,0,FALSE,0,0,0,FALSE,0,0,FALSE,0,0,0,FALSE,0,0,0,0,0,FALSE,FALSE,0,0,0,FALSE,0,0,0,0,FALSE,0,0,0,0,0,FALSE,FALSE,0,0,0,0,0,0,TRUE,FALSE,0,0,0,0,0,TRUE,0,0,0,0,1,0,0,FALSE,0,Frontal,<Saccadic eyes movements>,Patient AM,27,F,AM-EM 4,Ambidextrous,50,0.3,4.3,mA,2,Left,Precentral gyrus,Table 2,Converted from Talairach coordinates ,-46.80,-15.86,53.81,"Blanke, O., Spinelli, L., Thut, G., Michel, C. M., Perrig, S., Landis, T., & Seeck, M. (2000). Location of the human frontal eye field as defined by electrical cortical stimulation: Anatomical, functional and electrophysiological characteristics. NeuroReport, 11(9), 1907–1913. https://doi.org/10.1097/00001756-200006260-00031","Coordinates were initially in Talairach space. The current threshold, i.e. the least current required to evoke a saccadic EM was 4.3mA (mean) and varied between 3.5 and 5.5 mA. Only at one EM site was a higher current (8.5 mA) observed. The large majority of saccadic responses were composed of a sequence of saccades or a staircase of saccades which consisted of 2±4 contralateral EMs driving the eyes into their mechanical limits (85% of all stimulations).",
"Blanke,  Spinelli et al., 2000",Switzerland,6,3,Epilepsy,SEEG,FALSE,0,FALSE,0,0,0,FALSE,0,0,0,FALSE,0,0,FALSE,0,0,0,FALSE,0,0,0,0,0,FALSE,FALSE,0,0,0,FALSE,0,0,0,0,FALSE,0,0,0,0,0,FALSE,FALSE,0,0,0,0,0,0,TRUE,FALSE,0,0,0,0,0,TRUE,0,0,0,0,1,0,0,FALSE,0,Frontal,<Saccadic eyes movements>,Patient AM,27,F,AM-EM 5,Ambidextrous,50,0.3,4.3,mA,2,Left,Precentral gyrus,Table 2,Converted from Talairach coordinates ,-38.00,-22.34,64.39,"Blanke, O., Spinelli, L., Thut, G., Michel, C. M., Perrig, S., Landis, T., & Seeck, M. (2000). Location of the human frontal eye field as defined by electrical cortical stimulation: Anatomical, functional and electrophysiological characteristics. NeuroReport, 11(9), 1907–1913. https://doi.org/10.1097/00001756-200006260-00032","Coordinates were initially in Talairach space. The current threshold, i.e. the least current required to evoke a saccadic EM was 4.3mA (mean) and varied between 3.5 and 5.5 mA. Only at one EM site was a higher current (8.5 mA) observed. The large majority of saccadic responses were composed of a sequence of saccades or a staircase of saccades which consisted of 2±4 contralateral EMs driving the eyes into their mechanical limits (85% of all stimulations).",
"Blanke,  Spinelli et al., 2000",Switzerland,6,3,Epilepsy,SEEG,FALSE,0,FALSE,0,0,0,FALSE,0,0,0,FALSE,0,0,FALSE,0,0,0,FALSE,0,0,0,0,0,FALSE,FALSE,0,0,0,FALSE,0,0,0,0,FALSE,0,0,0,0,0,FALSE,FALSE,0,0,0,0,0,0,TRUE,FALSE,0,0,0,0,0,TRUE,0,0,0,0,1,0,0,FALSE,0,Frontal,<Saccadic eyes movements>,Patient AM,27,F,AM-EM 6,Ambidextrous,50,0.3,4.3,mA,2,Left,Anterior supramarginal gyrus,Table 2,Converted from Talairach coordinates ,-53.41,-29.99,40.75,"Blanke, O., Spinelli, L., Thut, G., Michel, C. M., Perrig, S., Landis, T., & Seeck, M. (2000). Location of the human frontal eye field as defined by electrical cortical stimulation: Anatomical, functional and electrophysiological characteristics. NeuroReport, 11(9), 1907–1913. https://doi.org/10.1097/00001756-200006260-00033","Coordinates were initially in Talairach space. The current threshold, i.e. the least current required to evoke a saccadic EM was 4.3mA (mean) and varied between 3.5 and 5.5 mA. Only at one EM site was a higher current (8.5 mA) observed. The large majority of saccadic responses were composed of a sequence of saccades or a staircase of saccades which consisted of 2±4 contralateral EMs driving the eyes into their mechanical limits (85% of all stimulations).",
"Blanke,  Spinelli et al., 2000",Switzerland,6,3,Epilepsy,SEEG,FALSE,0,FALSE,0,0,0,FALSE,0,0,0,FALSE,0,0,FALSE,0,0,0,FALSE,0,0,0,0,0,FALSE,FALSE,0,0,0,FALSE,0,0,0,0,FALSE,0,0,0,0,0,FALSE,FALSE,0,0,0,0,0,0,TRUE,FALSE,0,0,0,0,0,TRUE,0,0,0,0,1,0,0,FALSE,0,Frontal,"<Saccadic eyes movements, smooth>",Patient AM,27,F,AM-EM 7,Ambidextrous,50,0.3,4.5,mA,2,Left,Precentral gyrus,Table 2,Converted from Talairach coordinates ,-47.86,-34.36,51.17,"Blanke, O., Spinelli, L., Thut, G., Michel, C. M., Perrig, S., Landis, T., & Seeck, M. (2000). Location of the human frontal eye field as defined by electrical cortical stimulation: Anatomical, functional and electrophysiological characteristics. NeuroReport, 11(9), 1907–1913. https://doi.org/10.1097/00001756-200006260-00034","Coordinates were initially in Talairach space. The current threshold, i.e. the least current required to evoke a saccadic EM was 4.3mA (mean) and varied between 3.5 and 5.5 mA. Only at one EM site was a higher current (8.5 mA) observed. The large majority of saccadic responses were composed of a sequence of saccades or a staircase of saccades which consisted of 2±4 contralateral EMs driving the eyes into their mechanical limits (85% of all stimulations).",
"Blanke,  Spinelli et al., 2000",Switzerland,6,3,Epilepsy,SEEG,FALSE,0,FALSE,0,0,0,FALSE,0,0,0,FALSE,0,0,FALSE,0,0,0,FALSE,0,0,0,0,0,FALSE,FALSE,0,0,0,FALSE,0,0,0,0,FALSE,0,0,0,0,0,FALSE,FALSE,0,0,0,0,0,0,TRUE,FALSE,0,0,0,0,0,TRUE,0,0,0,0,1,0,0,FALSE,0,Frontal,<Saccadic eyes movements>,Patient AM,27,F,AM-EM 8,Ambidextrous,50,0.3,1.5,mA,2,Left,Anterior to the junction of the superior frontal sulcus with the precentral sulcus,Table 2,Converted from Talairach coordinates ,-36.94,-35.61,60.08,"Blanke, O., Spinelli, L., Thut, G., Michel, C. M., Perrig, S., Landis, T., & Seeck, M. (2000). Location of the human frontal eye field as defined by electrical cortical stimulation: Anatomical, functional and electrophysiological characteristics. NeuroReport, 11(9), 1907–1913. https://doi.org/10.1097/00001756-200006260-00035","Coordinates were initially in Talairach space. The current threshold, i.e. the least current required to evoke a saccadic EM was 4.3mA (mean) and varied between 3.5 and 5.5 mA. Only at one EM site was a higher current (8.5 mA) observed. The large majority of saccadic responses were composed of a sequence of saccades or a staircase of saccades which consisted of 2±4 contralateral EMs driving the eyes into their mechanical limits (85% of all stimulations).",
"Coletta et al., 2024",Italy,612,612,Tumor,Awake craniotomy,FALSE,0,FALSE,0,0,0,FALSE,0,0,0,FALSE,0,0,FALSE,0,0,0,FALSE,0,0,0,0,0,FALSE,FALSE,0,0,0,FALSE,0,0,0,0,FALSE,0,0,0,0,0,TRUE,FALSE,0,0,0,0,0,1,FALSE,FALSE,0,0,0,0,0,FALSE,0,0,0,0,0,0,0,FALSE,0,"Fronto-temporo-parieto-occipital, subcortical areas","Mentalizing - <Functional responses related to mentalizing (i.e. understanding, and consequently predicting, mental and psychological states and behaviours) were assessed using a variant of the classical Reading the Mind in the Eyes Test, in which the patient is presented with a set of eyes and then asked to choose (from a list of two) the emotional state.>",sub-2046,mean: 38.1,372 M / 233 F,Mental 1,575 right / 37 left,60,1,1-4,mA,NA,Right,NA,Zenodo,MNI coordinates,33.00,4.00,63.00,"Coletta, L., Avesani, P., Zigiotto, L., Venturini, M., Annicchiarico, L., Vavassori, L., Ng, S., Duffau, H., & Sarubbo, S. (2024). Integrating direct electrical brain stimulation with the human connectome. Brain, 147(3), 1100–1111. https://doi.org/10.1093/brain/awad830",,
"Coletta et al., 2024",Italy,612,612,Tumor,Awake craniotomy,FALSE,0,FALSE,0,0,0,FALSE,0,0,0,FALSE,0,0,FALSE,0,0,0,FALSE,0,0,0,0,0,FALSE,FALSE,0,0,0,FALSE,0,0,0,0,FALSE,0,0,0,0,0,TRUE,FALSE,0,0,0,0,0,1,FALSE,FALSE,0,0,0,0,0,FALSE,0,0,0,0,0,0,0,FALSE,0,"Fronto-temporo-parieto-occipital, subcortical areas","Mentalizing - <Functional responses related to mentalizing (i.e. understanding, and consequently predicting, mental and psychological states and behaviours) were assessed using a variant of the classical Reading the Mind in the Eyes Test, in which the patient is presented with a set of eyes and then asked to choose (from a list of two) the emotional state.>",sub-2047,mean: 38.1,372 M / 233 F,Mental 2,575 right / 37 left,60,1,1-4,mA,NA,Right,NA,Zenodo,MNI coordinates,53.00,35.00,17.00,"Coletta, L., Avesani, P., Zigiotto, L., Venturini, M., Annicchiarico, L., Vavassori, L., Ng, S., Duffau, H., & Sarubbo, S. (2024). Integrating direct electrical brain stimulation with the human connectome. Brain, 147(3), 1100–1111. https://doi.org/10.1093/brain/awad831",,
"Coletta et al., 2024",Italy,612,612,Tumor,Awake craniotomy,FALSE,0,FALSE,0,0,0,FALSE,0,0,0,FALSE,0,0,FALSE,0,0,0,FALSE,0,0,0,0,0,FALSE,FALSE,0,0,0,FALSE,0,0,0,0,FALSE,0,0,0,0,0,TRUE,FALSE,0,0,0,0,0,1,FALSE,FALSE,0,0,0,0,0,FALSE,0,0,0,0,0,0,0,FALSE,0,"Fronto-temporo-parieto-occipital, subcortical areas","Mentalizing - <Functional responses related to mentalizing (i.e. understanding, and consequently predicting, mental and psychological states and behaviours) were assessed using a variant of the classical Reading the Mind in the Eyes Test, in which the patient is presented with a set of eyes and then asked to choose (from a list of two) the emotional state.>",sub-2048,mean: 38.1,372 M / 233 F,Mental 3,575 right / 37 left,60,1,1-4,mA,NA,Right,NA,Zenodo,MNI coordinates,48.00,19.00,49.00,"Coletta, L., Avesani, P., Zigiotto, L., Venturini, M., Annicchiarico, L., Vavassori, L., Ng, S., Duffau, H., & Sarubbo, S. (2024). Integrating direct electrical brain stimulation with the human connectome. Brain, 147(3), 1100–1111. https://doi.org/10.1093/brain/awad832",,
"Coletta et al., 2024",Italy,612,612,Tumor,Awake craniotomy,FALSE,0,FALSE,0,0,0,FALSE,0,0,0,FALSE,0,0,FALSE,0,0,0,FALSE,0,0,0,0,0,FALSE,FALSE,0,0,0,FALSE,0,0,0,0,FALSE,0,0,0,0,0,TRUE,FALSE,0,0,0,0,0,1,FALSE,FALSE,0,0,0,0,0,FALSE,0,0,0,0,0,0,0,FALSE,0,"Fronto-temporo-parieto-occipital, subcortical areas","Mentalizing - <Functional responses related to mentalizing (i.e. understanding, and consequently predicting, mental and psychological states and behaviours) were assessed using a variant of the classical Reading the Mind in the Eyes Test, in which the patient is presented with a set of eyes and then asked to choose (from a list of two) the emotional state.>",sub-2049,mean: 38.1,372 M / 233 F,Mental 4,575 right / 37 left,60,1,1-4,mA,NA,Right,NA,Zenodo,MNI coordinates,58.00,28.00,2.00,"Coletta, L., Avesani, P., Zigiotto, L., Venturini, M., Annicchiarico, L., Vavassori, L., Ng, S., Duffau, H., & Sarubbo, S. (2024). Integrating direct electrical brain stimulation with the human connectome. Brain, 147(3), 1100–1111. https://doi.org/10.1093/brain/awad833",,
"Coletta et al., 2024",Italy,612,612,Tumor,Awake craniotomy,FALSE,0,FALSE,0,0,0,FALSE,0,0,0,FALSE,0,0,FALSE,0,0,0,FALSE,0,0,0,0,0,FALSE,FALSE,0,0,0,FALSE,0,0,0,0,FALSE,0,0,0,0,0,TRUE,FALSE,0,0,0,0,0,1,FALSE,FALSE,0,0,0,0,0,FALSE,0,0,0,0,0,0,0,FALSE,0,"Fronto-temporo-parieto-occipital, subcortical areas","Mentalizing - <Functional responses related to mentalizing (i.e. understanding, and consequently predicting, mental and psychological states and behaviours) were assessed using a variant of the classical Reading the Mind in the Eyes Test, in which the patient is presented with a set of eyes and then asked to choose (from a list of two) the emotional state.>",sub-2050,mean: 38.1,372 M / 233 F,Mental 5,575 right / 37 left,60,1,1-4,mA,NA,Right,NA,Zenodo,MNI coordinates,13.00,-1.00,75.00,"Coletta, L., Avesani, P., Zigiotto, L., Venturini, M., Annicchiarico, L., Vavassori, L., Ng, S., Duffau, H., & Sarubbo, S. (2024). Integrating direct electrical brain stimulation with the human connectome. Brain, 147(3), 1100–1111. https://doi.org/10.1093/brain/awad834",,
"Coletta et al., 2024",Italy,612,612,Tumor,Awake craniotomy,FALSE,0,FALSE,0,0,0,FALSE,0,0,0,FALSE,0,0,FALSE,0,0,0,FALSE,0,0,0,0,0,FALSE,FALSE,0,0,0,FALSE,0,0,0,0,FALSE,0,0,0,0,0,TRUE,FALSE,0,0,0,0,0,1,FALSE,FALSE,0,0,0,0,0,FALSE,0,0,0,0,0,0,0,FALSE,0,"Fronto-temporo-parieto-occipital, subcortical areas","Mentalizing - <Functional responses related to mentalizing (i.e. understanding, and consequently predicting, mental and psychological states and behaviours) were assessed using a variant of the classical Reading the Mind in the Eyes Test, in which the patient is presented with a set of eyes and then asked to choose (from a list of two) the emotional state.>",sub-2010,mean: 38.1,372 M / 233 F,Mental 6,575 right / 37 left,60,1,1-4,mA,NA,Right,NA,Zenodo,MNI coordinates,62.00,10.00,21.00,"Coletta, L., Avesani, P., Zigiotto, L., Venturini, M., Annicchiarico, L., Vavassori, L., Ng, S., Duffau, H., & Sarubbo, S. (2024). Integrating direct electrical brain stimulation with the human connectome. Brain, 147(3), 1100–1111. https://doi.org/10.1093/brain/awad835",,
"Coletta et al., 2024",Italy,612,612,Tumor,Awake craniotomy,FALSE,0,FALSE,0,0,0,FALSE,0,0,0,FALSE,0,0,FALSE,0,0,0,FALSE,0,0,0,0,0,FALSE,FALSE,0,0,0,FALSE,0,0,0,0,FALSE,0,0,0,0,0,TRUE,FALSE,0,0,0,0,0,1,FALSE,FALSE,0,0,0,0,0,FALSE,0,0,0,0,0,0,0,FALSE,0,"Fronto-temporo-parieto-occipital, subcortical areas","Mentalizing - <Functional responses related to mentalizing (i.e. understanding, and consequently predicting, mental and psychological states and behaviours) were assessed using a variant of the classical Reading the Mind in the Eyes Test, in which the patient is presented with a set of eyes and then asked to choose (from a list of two) the emotional state.>",sub-2051,mean: 38.1,372 M / 233 F,Mental 7,575 right / 37 left,60,1,1-4,mA,NA,Right,NA,Zenodo,MNI coordinates,54.00,17.00,14.00,"Coletta, L., Avesani, P., Zigiotto, L., Venturini, M., Annicchiarico, L., Vavassori, L., Ng, S., Duffau, H., & Sarubbo, S. (2024). Integrating direct electrical brain stimulation with the human connectome. Brain, 147(3), 1100–1111. https://doi.org/10.1093/brain/awad836",,
"Coletta et al., 2024",Italy,612,612,Tumor,Awake craniotomy,FALSE,0,FALSE,0,0,0,FALSE,0,0,0,FALSE,0,0,FALSE,0,0,0,FALSE,0,0,0,0,0,FALSE,FALSE,0,0,0,FALSE,0,0,0,0,FALSE,0,0,0,0,0,TRUE,FALSE,0,0,0,0,0,1,FALSE,FALSE,0,0,0,0,0,FALSE,0,0,0,0,0,0,0,FALSE,0,"Fronto-temporo-parieto-occipital, subcortical areas","Mentalizing - <Functional responses related to mentalizing (i.e. understanding, and consequently predicting, mental and psychological states and behaviours) were assessed using a variant of the classical Reading the Mind in the Eyes Test, in which the patient is presented with a set of eyes and then asked to choose (from a list of two) the emotional state.>",sub-2044,mean: 38.1,372 M / 233 F,Mental 8,575 right / 37 left,60,1,1-4,mA,NA,Right,NA,Zenodo,MNI coordinates,57.00,6.00,43.00,"Coletta, L., Avesani, P., Zigiotto, L., Venturini, M., Annicchiarico, L., Vavassori, L., Ng, S., Duffau, H., & Sarubbo, S. (2024). Integrating direct electrical brain stimulation with the human connectome. Brain, 147(3), 1100–1111. https://doi.org/10.1093/brain/awad837",,
"Coletta et al., 2024",Italy,612,612,Tumor,Awake craniotomy,FALSE,0,FALSE,0,0,0,FALSE,0,0,0,FALSE,0,0,FALSE,0,0,0,FALSE,0,0,0,0,0,FALSE,FALSE,0,0,0,FALSE,0,0,0,0,FALSE,0,0,0,0,0,TRUE,FALSE,0,0,0,0,0,1,FALSE,FALSE,0,0,0,0,0,FALSE,0,0,0,0,0,0,0,FALSE,0,"Fronto-temporo-parieto-occipital, subcortical areas","Mentalizing - <Functional responses related to mentalizing (i.e. understanding, and consequently predicting, mental and psychological states and behaviours) were assessed using a variant of the classical Reading the Mind in the Eyes Test, in which the patient is presented with a set of eyes and then asked to choose (from a list of two) the emotional state.>",sub-2044,mean: 38.1,372 M / 233 F,Mental 9,575 right / 37 left,60,1,1-4,mA,NA,Right,NA,Zenodo,MNI coordinates,52.00,17.00,45.00,"Coletta, L., Avesani, P., Zigiotto, L., Venturini, M., Annicchiarico, L., Vavassori, L., Ng, S., Duffau, H., & Sarubbo, S. (2024). Integrating direct electrical brain stimulation with the human connectome. Brain, 147(3), 1100–1111. https://doi.org/10.1093/brain/awad838",,
"Coletta et al., 2024",Italy,612,612,Tumor,Awake craniotomy,FALSE,0,FALSE,0,0,0,FALSE,0,0,0,FALSE,0,0,FALSE,0,0,0,FALSE,0,0,0,0,0,FALSE,FALSE,0,0,0,FALSE,0,0,0,0,FALSE,0,0,0,0,0,TRUE,FALSE,0,0,0,0,0,1,FALSE,FALSE,0,0,0,0,0,FALSE,0,0,0,0,0,0,0,FALSE,0,"Fronto-temporo-parieto-occipital, subcortical areas","Mentalizing - <Functional responses related to mentalizing (i.e. understanding, and consequently predicting, mental and psychological states and behaviours) were assessed using a variant of the classical Reading the Mind in the Eyes Test, in which the patient is presented with a set of eyes and then asked to choose (from a list of two) the emotional state.>",sub-2052,mean: 38.1,372 M / 233 F,Mental 10,575 right / 37 left,60,1,1-4,mA,NA,Right,NA,Zenodo,MNI coordinates,50.00,29.00,38.00,"Coletta, L., Avesani, P., Zigiotto, L., Venturini, M., Annicchiarico, L., Vavassori, L., Ng, S., Duffau, H., & Sarubbo, S. (2024). Integrating direct electrical brain stimulation with the human connectome. Brain, 147(3), 1100–1111. https://doi.org/10.1093/brain/awad839",,
"Coletta et al., 2024",Italy,612,612,Tumor,Awake craniotomy,FALSE,0,FALSE,0,0,0,FALSE,0,0,0,FALSE,0,0,FALSE,0,0,0,FALSE,0,0,0,0,0,FALSE,FALSE,0,0,0,FALSE,0,0,0,0,FALSE,0,0,0,0,0,TRUE,FALSE,0,0,0,0,0,1,FALSE,FALSE,0,0,0,0,0,FALSE,0,0,0,0,0,0,0,FALSE,0,"Fronto-temporo-parieto-occipital, subcortical areas","Mentalizing - <Functional responses related to mentalizing (i.e. understanding, and consequently predicting, mental and psychological states and behaviours) were assessed using a variant of the classical Reading the Mind in the Eyes Test, in which the patient is presented with a set of eyes and then asked to choose (from a list of two) the emotional state.>",sub-2053,mean: 38.1,372 M / 233 F,Mental 11,575 right / 37 left,60,1,1-4,mA,NA,Right,NA,Zenodo,MNI coordinates,41.00,16.00,55.00,"Coletta, L., Avesani, P., Zigiotto, L., Venturini, M., Annicchiarico, L., Vavassori, L., Ng, S., Duffau, H., & Sarubbo, S. (2024). Integrating direct electrical brain stimulation with the human connectome. Brain, 147(3), 1100–1111. https://doi.org/10.1093/brain/awad840",,
"Coletta et al., 2024",Italy,612,612,Tumor,Awake craniotomy,FALSE,0,FALSE,0,0,0,FALSE,0,0,0,FALSE,0,0,FALSE,0,0,0,FALSE,0,0,0,0,0,FALSE,FALSE,0,0,0,FALSE,0,0,0,0,FALSE,0,0,0,0,0,TRUE,FALSE,0,0,0,0,0,1,FALSE,FALSE,0,0,0,0,0,FALSE,0,0,0,0,0,0,0,FALSE,0,"Fronto-temporo-parieto-occipital, subcortical areas","Mentalizing - <Functional responses related to mentalizing (i.e. understanding, and consequently predicting, mental and psychological states and behaviours) were assessed using a variant of the classical Reading the Mind in the Eyes Test, in which the patient is presented with a set of eyes and then asked to choose (from a list of two) the emotional state.>",sub-2054,mean: 38.1,372 M / 233 F,Mental 12,575 right / 37 left,60,1,1-4,mA,NA,Right,NA,Zenodo,MNI coordinates,37.00,20.00,55.00,"Coletta, L., Avesani, P., Zigiotto, L., Venturini, M., Annicchiarico, L., Vavassori, L., Ng, S., Duffau, H., & Sarubbo, S. (2024). Integrating direct electrical brain stimulation with the human connectome. Brain, 147(3), 1100–1111. https://doi.org/10.1093/brain/awad841",,
"Coletta et al., 2024",Italy,612,612,Tumor,Awake craniotomy,FALSE,0,FALSE,0,0,0,FALSE,0,0,0,FALSE,0,0,FALSE,0,0,0,FALSE,0,0,0,0,0,FALSE,FALSE,0,0,0,FALSE,0,0,0,0,FALSE,0,0,0,0,0,TRUE,FALSE,0,0,0,0,0,1,FALSE,FALSE,0,0,0,0,0,FALSE,0,0,0,0,0,0,0,FALSE,0,"Fronto-temporo-parieto-occipital, subcortical areas","Mentalizing - <Functional responses related to mentalizing (i.e. understanding, and consequently predicting, mental and psychological states and behaviours) were assessed using a variant of the classical Reading the Mind in the Eyes Test, in which the patient is presented with a set of eyes and then asked to choose (from a list of two) the emotional state.>",sub-3004,mean: 38.1,372 M / 233 F,Mental 13,575 right / 37 left,60,1,1-4,mA,NA,Right,NA,Zenodo,MNI coordinates,58.00,-51.00,41.00,"Coletta, L., Avesani, P., Zigiotto, L., Venturini, M., Annicchiarico, L., Vavassori, L., Ng, S., Duffau, H., & Sarubbo, S. (2024). Integrating direct electrical brain stimulation with the human connectome. Brain, 147(3), 1100–1111. https://doi.org/10.1093/brain/awad842",,
"Coletta et al., 2024",Italy,612,612,Tumor,Awake craniotomy,FALSE,0,FALSE,0,0,0,FALSE,0,0,0,FALSE,0,0,FALSE,0,0,0,FALSE,0,0,0,0,0,FALSE,FALSE,0,0,0,FALSE,0,0,0,0,FALSE,0,0,0,0,0,TRUE,FALSE,0,0,0,0,0,1,FALSE,FALSE,0,0,0,0,0,FALSE,0,0,0,0,0,0,0,FALSE,0,"Fronto-temporo-parieto-occipital, subcortical areas","Mentalizing - <Functional responses related to mentalizing (i.e. understanding, and consequently predicting, mental and psychological states and behaviours) were assessed using a variant of the classical Reading the Mind in the Eyes Test, in which the patient is presented with a set of eyes and then asked to choose (from a list of two) the emotional state.>",sub-3008,mean: 38.1,372 M / 233 F,Mental 14,575 right / 37 left,60,1,1-4,mA,NA,Right,NA,Zenodo,MNI coordinates,47.00,12.00,43.00,"Coletta, L., Avesani, P., Zigiotto, L., Venturini, M., Annicchiarico, L., Vavassori, L., Ng, S., Duffau, H., & Sarubbo, S. (2024). Integrating direct electrical brain stimulation with the human connectome. Brain, 147(3), 1100–1111. https://doi.org/10.1093/brain/awad843",,
"Coletta et al., 2024",Italy,612,612,Tumor,Awake craniotomy,FALSE,0,FALSE,0,0,0,FALSE,0,0,0,FALSE,0,0,FALSE,0,0,0,FALSE,0,0,0,0,0,FALSE,FALSE,0,0,0,FALSE,0,0,0,0,FALSE,0,0,0,0,0,TRUE,FALSE,0,0,0,0,0,1,FALSE,FALSE,0,0,0,0,0,FALSE,0,0,0,0,0,0,0,FALSE,0,"Fronto-temporo-parieto-occipital, subcortical areas","Mentalizing - <Functional responses related to mentalizing (i.e. understanding, and consequently predicting, mental and psychological states and behaviours) were assessed using a variant of the classical Reading the Mind in the Eyes Test, in which the patient is presented with a set of eyes and then asked to choose (from a list of two) the emotional state.>",sub-3232,mean: 38.1,372 M / 233 F,Mental 15,575 right / 37 left,60,1,1-4,mA,NA,Right,NA,Zenodo,MNI coordinates,52.00,27.00,13.00,"Coletta, L., Avesani, P., Zigiotto, L., Venturini, M., Annicchiarico, L., Vavassori, L., Ng, S., Duffau, H., & Sarubbo, S. (2024). Integrating direct electrical brain stimulation with the human connectome. Brain, 147(3), 1100–1111. https://doi.org/10.1093/brain/awad844",,
"Coletta et al., 2024",Italy,612,612,Tumor,Awake craniotomy,FALSE,0,FALSE,0,0,0,FALSE,0,0,0,FALSE,0,0,FALSE,0,0,0,FALSE,0,0,0,0,0,FALSE,FALSE,0,0,0,FALSE,0,0,0,0,FALSE,0,0,0,0,0,TRUE,FALSE,0,0,0,0,0,1,FALSE,FALSE,0,0,0,0,0,FALSE,0,0,0,0,0,0,0,FALSE,0,"Fronto-temporo-parieto-occipital, subcortical areas","Mentalizing - <Functional responses related to mentalizing (i.e. understanding, and consequently predicting, mental and psychological states and behaviours) were assessed using a variant of the classical Reading the Mind in the Eyes Test, in which the patient is presented with a set of eyes and then asked to choose (from a list of two) the emotional state.>",sub-3234,mean: 38.1,372 M / 233 F,Mental 16,575 right / 37 left,60,1,1-4,mA,NA,Right,NA,Zenodo,MNI coordinates,48.00,15.00,48.00,"Coletta, L., Avesani, P., Zigiotto, L., Venturini, M., Annicchiarico, L., Vavassori, L., Ng, S., Duffau, H., & Sarubbo, S. (2024). Integrating direct electrical brain stimulation with the human connectome. Brain, 147(3), 1100–1111. https://doi.org/10.1093/brain/awad845",,
"Coletta et al., 2024",Italy,612,612,Tumor,Awake craniotomy,FALSE,0,FALSE,0,0,0,FALSE,0,0,0,FALSE,0,0,FALSE,0,0,0,FALSE,0,0,0,0,0,FALSE,FALSE,0,0,0,FALSE,0,0,0,0,FALSE,0,0,0,0,0,TRUE,FALSE,0,0,0,0,0,1,FALSE,FALSE,0,0,0,0,0,FALSE,0,0,0,0,0,0,0,FALSE,0,"Fronto-temporo-parieto-occipital, subcortical areas","Mentalizing - <Functional responses related to mentalizing (i.e. understanding, and consequently predicting, mental and psychological states and behaviours) were assessed using a variant of the classical Reading the Mind in the Eyes Test, in which the patient is presented with a set of eyes and then asked to choose (from a list of two) the emotional state.>",sub-3038,mean: 38.1,372 M / 233 F,Mental 17,575 right / 37 left,60,1,1-4,mA,NA,Right,NA,Zenodo,MNI coordinates,59.00,18.00,14.00,"Coletta, L., Avesani, P., Zigiotto, L., Venturini, M., Annicchiarico, L., Vavassori, L., Ng, S., Duffau, H., & Sarubbo, S. (2024). Integrating direct electrical brain stimulation with the human connectome. Brain, 147(3), 1100–1111. https://doi.org/10.1093/brain/awad846",,
"Coletta et al., 2024",Italy,612,612,Tumor,Awake craniotomy,FALSE,0,FALSE,0,0,0,FALSE,0,0,0,FALSE,0,0,FALSE,0,0,0,FALSE,0,0,0,0,0,FALSE,FALSE,0,0,0,FALSE,0,0,0,0,FALSE,0,0,0,0,0,TRUE,FALSE,0,0,0,0,0,1,FALSE,FALSE,0,0,0,0,0,FALSE,0,0,0,0,0,0,0,FALSE,0,"Fronto-temporo-parieto-occipital, subcortical areas","Mentalizing - <Functional responses related to mentalizing (i.e. understanding, and consequently predicting, mental and psychological states and behaviours) were assessed using a variant of the classical Reading the Mind in the Eyes Test, in which the patient is presented with a set of eyes and then asked to choose (from a list of two) the emotional state.>",sub-3043,mean: 38.1,372 M / 233 F,Mental 18,575 right / 37 left,60,1,1-4,mA,NA,Right,NA,Zenodo,MNI coordinates,60.00,4.00,34.00,"Coletta, L., Avesani, P., Zigiotto, L., Venturini, M., Annicchiarico, L., Vavassori, L., Ng, S., Duffau, H., & Sarubbo, S. (2024). Integrating direct electrical brain stimulation with the human connectome. Brain, 147(3), 1100–1111. https://doi.org/10.1093/brain/awad847",,
"Coletta et al., 2024",Italy,612,612,Tumor,Awake craniotomy,FALSE,0,FALSE,0,0,0,FALSE,0,0,0,FALSE,0,0,FALSE,0,0,0,FALSE,0,0,0,0,0,FALSE,FALSE,0,0,0,FALSE,0,0,0,0,FALSE,0,0,0,0,0,TRUE,FALSE,0,0,0,0,0,1,FALSE,FALSE,0,0,0,0,0,FALSE,0,0,0,0,0,0,0,FALSE,0,"Fronto-temporo-parieto-occipital, subcortical areas","Mentalizing - <Functional responses related to mentalizing (i.e. understanding, and consequently predicting, mental and psychological states and behaviours) were assessed using a variant of the classical Reading the Mind in the Eyes Test, in which the patient is presented with a set of eyes and then asked to choose (from a list of two) the emotional state.>",sub-3047,mean: 38.1,372 M / 233 F,Mental 19,575 right / 37 left,60,1,1-4,mA,NA,Right,NA,Zenodo,MNI coordinates,53.00,15.00,42.00,"Coletta, L., Avesani, P., Zigiotto, L., Venturini, M., Annicchiarico, L., Vavassori, L., Ng, S., Duffau, H., & Sarubbo, S. (2024). Integrating direct electrical brain stimulation with the human connectome. Brain, 147(3), 1100–1111. https://doi.org/10.1093/brain/awad848",,
"Coletta et al., 2024",Italy,612,612,Tumor,Awake craniotomy,FALSE,0,FALSE,0,0,0,FALSE,0,0,0,FALSE,0,0,FALSE,0,0,0,FALSE,0,0,0,0,0,FALSE,FALSE,0,0,0,FALSE,0,0,0,0,FALSE,0,0,0,0,0,TRUE,FALSE,0,0,0,0,0,1,FALSE,FALSE,0,0,0,0,0,FALSE,0,0,0,0,0,0,0,FALSE,0,"Fronto-temporo-parieto-occipital, subcortical areas","Mentalizing - <Functional responses related to mentalizing (i.e. understanding, and consequently predicting, mental and psychological states and behaviours) were assessed using a variant of the classical Reading the Mind in the Eyes Test, in which the patient is presented with a set of eyes and then asked to choose (from a list of two) the emotional state.>",sub-3238,mean: 38.1,372 M / 233 F,Mental 20,575 right / 37 left,60,1,1-4,mA,NA,Right,NA,Zenodo,MNI coordinates,57.00,27.00,14.00,"Coletta, L., Avesani, P., Zigiotto, L., Venturini, M., Annicchiarico, L., Vavassori, L., Ng, S., Duffau, H., & Sarubbo, S. (2024). Integrating direct electrical brain stimulation with the human connectome. Brain, 147(3), 1100–1111. https://doi.org/10.1093/brain/awad849",,
"Coletta et al., 2024",Italy,612,612,Tumor,Awake craniotomy,FALSE,0,FALSE,0,0,0,FALSE,0,0,0,FALSE,0,0,FALSE,0,0,0,FALSE,0,0,0,0,0,FALSE,FALSE,0,0,0,FALSE,0,0,0,0,FALSE,0,0,0,0,0,TRUE,FALSE,0,0,0,0,0,1,FALSE,FALSE,0,0,0,0,0,FALSE,0,0,0,0,0,0,0,FALSE,0,"Fronto-temporo-parieto-occipital, subcortical areas","Mentalizing - <Functional responses related to mentalizing (i.e. understanding, and consequently predicting, mental and psychological states and behaviours) were assessed using a variant of the classical Reading the Mind in the Eyes Test, in which the patient is presented with a set of eyes and then asked to choose (from a list of two) the emotional state.>",sub-3054,mean: 38.1,372 M / 233 F,Mental 21,575 right / 37 left,60,1,1-4,mA,NA,Right,NA,Zenodo,MNI coordinates,51.00,26.00,13.00,"Coletta, L., Avesani, P., Zigiotto, L., Venturini, M., Annicchiarico, L., Vavassori, L., Ng, S., Duffau, H., & Sarubbo, S. (2024). Integrating direct electrical brain stimulation with the human connectome. Brain, 147(3), 1100–1111. https://doi.org/10.1093/brain/awad850",,
"Coletta et al., 2024",Italy,612,612,Tumor,Awake craniotomy,FALSE,0,FALSE,0,0,0,FALSE,0,0,0,FALSE,0,0,FALSE,0,0,0,FALSE,0,0,0,0,0,FALSE,FALSE,0,0,0,FALSE,0,0,0,0,FALSE,0,0,0,0,0,TRUE,FALSE,0,0,0,0,0,1,FALSE,FALSE,0,0,0,0,0,FALSE,0,0,0,0,0,0,0,FALSE,0,"Fronto-temporo-parieto-occipital, subcortical areas","Mentalizing - <Functional responses related to mentalizing (i.e. understanding, and consequently predicting, mental and psychological states and behaviours) were assessed using a variant of the classical Reading the Mind in the Eyes Test, in which the patient is presented with a set of eyes and then asked to choose (from a list of two) the emotional state.>",sub-3300,mean: 38.1,372 M / 233 F,Mental 22,575 right / 37 left,60,1,1-4,mA,NA,Right,NA,Zenodo,MNI coordinates,55.00,21.00,32.00,"Coletta, L., Avesani, P., Zigiotto, L., Venturini, M., Annicchiarico, L., Vavassori, L., Ng, S., Duffau, H., & Sarubbo, S. (2024). Integrating direct electrical brain stimulation with the human connectome. Brain, 147(3), 1100–1111. https://doi.org/10.1093/brain/awad851",,
"Coletta et al., 2024",Italy,612,612,Tumor,Awake craniotomy,FALSE,0,FALSE,0,0,0,FALSE,0,0,0,FALSE,0,0,FALSE,0,0,0,FALSE,0,0,0,0,0,FALSE,FALSE,0,0,0,FALSE,0,0,0,0,FALSE,0,0,0,0,0,TRUE,FALSE,0,0,0,0,0,1,FALSE,FALSE,0,0,0,0,0,FALSE,0,0,0,0,0,0,0,FALSE,0,"Fronto-temporo-parieto-occipital, subcortical areas","Mentalizing - <Functional responses related to mentalizing (i.e. understanding, and consequently predicting, mental and psychological states and behaviours) were assessed using a variant of the classical Reading the Mind in the Eyes Test, in which the patient is presented with a set of eyes and then asked to choose (from a list of two) the emotional state.>",sub-3073,mean: 38.1,372 M / 233 F,Mental 23,575 right / 37 left,60,1,1-4,mA,NA,Right,NA,Zenodo,MNI coordinates,40.00,11.00,54.00,"Coletta, L., Avesani, P., Zigiotto, L., Venturini, M., Annicchiarico, L., Vavassori, L., Ng, S., Duffau, H., & Sarubbo, S. (2024). Integrating direct electrical brain stimulation with the human connectome. Brain, 147(3), 1100–1111. https://doi.org/10.1093/brain/awad852",,
"Coletta et al., 2024",Italy,612,612,Tumor,Awake craniotomy,FALSE,0,FALSE,0,0,0,FALSE,0,0,0,FALSE,0,0,FALSE,0,0,0,FALSE,0,0,0,0,0,FALSE,FALSE,0,0,0,FALSE,0,0,0,0,FALSE,0,0,0,0,0,TRUE,FALSE,0,0,0,0,0,1,FALSE,FALSE,0,0,0,0,0,FALSE,0,0,0,0,0,0,0,FALSE,0,"Fronto-temporo-parieto-occipital, subcortical areas","Mentalizing - <Functional responses related to mentalizing (i.e. understanding, and consequently predicting, mental and psychological states and behaviours) were assessed using a variant of the classical Reading the Mind in the Eyes Test, in which the patient is presented with a set of eyes and then asked to choose (from a list of two) the emotional state.>",sub-3073,mean: 38.1,372 M / 233 F,Mental 24,575 right / 37 left,60,1,1-4,mA,NA,Right,NA,Zenodo,MNI coordinates,47.00,30.00,26.00,"Coletta, L., Avesani, P., Zigiotto, L., Venturini, M., Annicchiarico, L., Vavassori, L., Ng, S., Duffau, H., & Sarubbo, S. (2024). Integrating direct electrical brain stimulation with the human connectome. Brain, 147(3), 1100–1111. https://doi.org/10.1093/brain/awad853",,
"Coletta et al., 2024",Italy,612,612,Tumor,Awake craniotomy,FALSE,0,FALSE,0,0,0,FALSE,0,0,0,FALSE,0,0,FALSE,0,0,0,FALSE,0,0,0,0,0,FALSE,FALSE,0,0,0,FALSE,0,0,0,0,FALSE,0,0,0,0,0,TRUE,FALSE,0,0,0,0,0,1,FALSE,FALSE,0,0,0,0,0,FALSE,0,0,0,0,0,0,0,FALSE,0,"Fronto-temporo-parieto-occipital, subcortical areas","Mentalizing - <Functional responses related to mentalizing (i.e. understanding, and consequently predicting, mental and psychological states and behaviours) were assessed using a variant of the classical Reading the Mind in the Eyes Test, in which the patient is presented with a set of eyes and then asked to choose (from a list of two) the emotional state.>",sub-3246,mean: 38.1,372 M / 233 F,Mental 25,575 right / 37 left,60,1,1-4,mA,NA,Right,NA,Zenodo,MNI coordinates,57.00,10.00,14.00,"Coletta, L., Avesani, P., Zigiotto, L., Venturini, M., Annicchiarico, L., Vavassori, L., Ng, S., Duffau, H., & Sarubbo, S. (2024). Integrating direct electrical brain stimulation with the human connectome. Brain, 147(3), 1100–1111. https://doi.org/10.1093/brain/awad854",,
"Coletta et al., 2024",Italy,612,612,Tumor,Awake craniotomy,FALSE,0,FALSE,0,0,0,FALSE,0,0,0,FALSE,0,0,FALSE,0,0,0,FALSE,0,0,0,0,0,FALSE,FALSE,0,0,0,FALSE,0,0,0,0,FALSE,0,0,0,0,0,TRUE,FALSE,0,0,0,0,0,1,FALSE,FALSE,0,0,0,0,0,FALSE,0,0,0,0,0,0,0,FALSE,0,"Fronto-temporo-parieto-occipital, subcortical areas","Mentalizing - <Functional responses related to mentalizing (i.e. understanding, and consequently predicting, mental and psychological states and behaviours) were assessed using a variant of the classical Reading the Mind in the Eyes Test, in which the patient is presented with a set of eyes and then asked to choose (from a list of two) the emotional state.>",sub-3080,mean: 38.1,372 M / 233 F,Mental 26,575 right / 37 left,60,1,1-4,mA,NA,Right,NA,Zenodo,MNI coordinates,40.00,1.00,59.00,"Coletta, L., Avesani, P., Zigiotto, L., Venturini, M., Annicchiarico, L., Vavassori, L., Ng, S., Duffau, H., & Sarubbo, S. (2024). Integrating direct electrical brain stimulation with the human connectome. Brain, 147(3), 1100–1111. https://doi.org/10.1093/brain/awad855",,
"Coletta et al., 2024",Italy,612,612,Tumor,Awake craniotomy,FALSE,0,FALSE,0,0,0,FALSE,0,0,0,FALSE,0,0,FALSE,0,0,0,FALSE,0,0,0,0,0,FALSE,FALSE,0,0,0,FALSE,0,0,0,0,FALSE,0,0,0,0,0,TRUE,FALSE,0,0,0,0,0,1,FALSE,FALSE,0,0,0,0,0,FALSE,0,0,0,0,0,0,0,FALSE,0,"Fronto-temporo-parieto-occipital, subcortical areas","Mentalizing - <Functional responses related to mentalizing (i.e. understanding, and consequently predicting, mental and psychological states and behaviours) were assessed using a variant of the classical Reading the Mind in the Eyes Test, in which the patient is presented with a set of eyes and then asked to choose (from a list of two) the emotional state.>",sub-3281,mean: 38.1,372 M / 233 F,Mental 27,575 right / 37 left,60,1,1-4,mA,NA,Right,NA,Zenodo,MNI coordinates,55.00,33.00,1.00,"Coletta, L., Avesani, P., Zigiotto, L., Venturini, M., Annicchiarico, L., Vavassori, L., Ng, S., Duffau, H., & Sarubbo, S. (2024). Integrating direct electrical brain stimulation with the human connectome. Brain, 147(3), 1100–1111. https://doi.org/10.1093/brain/awad856",,
"Coletta et al., 2024",Italy,612,612,Tumor,Awake craniotomy,FALSE,0,FALSE,0,0,0,FALSE,0,0,0,FALSE,0,0,FALSE,0,0,0,FALSE,0,0,0,0,0,FALSE,FALSE,0,0,0,FALSE,0,0,0,0,FALSE,0,0,0,0,0,TRUE,FALSE,0,0,0,0,0,1,FALSE,FALSE,0,0,0,0,0,FALSE,0,0,0,0,0,0,0,FALSE,0,"Fronto-temporo-parieto-occipital, subcortical areas","Mentalizing - <Functional responses related to mentalizing (i.e. understanding, and consequently predicting, mental and psychological states and behaviours) were assessed using a variant of the classical Reading the Mind in the Eyes Test, in which the patient is presented with a set of eyes and then asked to choose (from a list of two) the emotional state.>",sub-3088,mean: 38.1,372 M / 233 F,Mental 28,575 right / 37 left,60,1,1-4,mA,NA,Right,NA,Zenodo,MNI coordinates,55.00,23.00,16.00,"Coletta, L., Avesani, P., Zigiotto, L., Venturini, M., Annicchiarico, L., Vavassori, L., Ng, S., Duffau, H., & Sarubbo, S. (2024). Integrating direct electrical brain stimulation with the human connectome. Brain, 147(3), 1100–1111. https://doi.org/10.1093/brain/awad857",,
"Coletta et al., 2024",Italy,612,612,Tumor,Awake craniotomy,FALSE,0,FALSE,0,0,0,FALSE,0,0,0,FALSE,0,0,FALSE,0,0,0,FALSE,0,0,0,0,0,FALSE,FALSE,0,0,0,FALSE,0,0,0,0,FALSE,0,0,0,0,0,TRUE,FALSE,0,0,0,0,0,1,FALSE,FALSE,0,0,0,0,0,FALSE,0,0,0,0,0,0,0,FALSE,0,"Fronto-temporo-parieto-occipital, subcortical areas","Mentalizing - <Functional responses related to mentalizing (i.e. understanding, and consequently predicting, mental and psychological states and behaviours) were assessed using a variant of the classical Reading the Mind in the Eyes Test, in which the patient is presented with a set of eyes and then asked to choose (from a list of two) the emotional state.>",sub-3090,mean: 38.1,372 M / 233 F,Mental 29,575 right / 37 left,60,1,1-4,mA,NA,Right,NA,Zenodo,MNI coordinates,63.00,-10.00,11.00,"Coletta, L., Avesani, P., Zigiotto, L., Venturini, M., Annicchiarico, L., Vavassori, L., Ng, S., Duffau, H., & Sarubbo, S. (2024). Integrating direct electrical brain stimulation with the human connectome. Brain, 147(3), 1100–1111. https://doi.org/10.1093/brain/awad858",,
"Coletta et al., 2024",Italy,612,612,Tumor,Awake craniotomy,FALSE,0,FALSE,0,0,0,FALSE,0,0,0,FALSE,0,0,FALSE,0,0,0,FALSE,0,0,0,0,0,FALSE,FALSE,0,0,0,FALSE,0,0,0,0,FALSE,0,0,0,0,0,TRUE,FALSE,0,0,0,0,0,1,FALSE,FALSE,0,0,0,0,0,FALSE,0,0,0,0,0,0,0,FALSE,0,"Fronto-temporo-parieto-occipital, subcortical areas","Mentalizing - <Functional responses related to mentalizing (i.e. understanding, and consequently predicting, mental and psychological states and behaviours) were assessed using a variant of the classical Reading the Mind in the Eyes Test, in which the patient is presented with a set of eyes and then asked to choose (from a list of two) the emotional state.>",sub-3103,mean: 38.1,372 M / 233 F,Mental 30,575 right / 37 left,60,1,1-4,mA,NA,Right,NA,Zenodo,MNI coordinates,57.00,25.00,8.00,"Coletta, L., Avesani, P., Zigiotto, L., Venturini, M., Annicchiarico, L., Vavassori, L., Ng, S., Duffau, H., & Sarubbo, S. (2024). Integrating direct electrical brain stimulation with the human connectome. Brain, 147(3), 1100–1111. https://doi.org/10.1093/brain/awad859",,
"Coletta et al., 2024",Italy,612,612,Tumor,Awake craniotomy,FALSE,0,FALSE,0,0,0,FALSE,0,0,0,FALSE,0,0,FALSE,0,0,0,FALSE,0,0,0,0,0,FALSE,FALSE,0,0,0,FALSE,0,0,0,0,FALSE,0,0,0,0,0,TRUE,FALSE,0,0,0,0,0,1,FALSE,FALSE,0,0,0,0,0,FALSE,0,0,0,0,0,0,0,FALSE,0,"Fronto-temporo-parieto-occipital, subcortical areas","Mentalizing - <Functional responses related to mentalizing (i.e. understanding, and consequently predicting, mental and psychological states and behaviours) were assessed using a variant of the classical Reading the Mind in the Eyes Test, in which the patient is presented with a set of eyes and then asked to choose (from a list of two) the emotional state.>",sub-3104,mean: 38.1,372 M / 233 F,Mental 31,575 right / 37 left,60,1,1-4,mA,NA,Right,NA,Zenodo,MNI coordinates,57.00,31.00,10.00,"Coletta, L., Avesani, P., Zigiotto, L., Venturini, M., Annicchiarico, L., Vavassori, L., Ng, S., Duffau, H., & Sarubbo, S. (2024). Integrating direct electrical brain stimulation with the human connectome. Brain, 147(3), 1100–1111. https://doi.org/10.1093/brain/awad860",,
"Coletta et al., 2024",Italy,612,612,Tumor,Awake craniotomy,FALSE,0,FALSE,0,0,0,FALSE,0,0,0,FALSE,0,0,FALSE,0,0,0,FALSE,0,0,0,0,0,FALSE,FALSE,0,0,0,FALSE,0,0,0,0,FALSE,0,0,0,0,0,TRUE,FALSE,0,0,0,0,0,1,FALSE,FALSE,0,0,0,0,0,FALSE,0,0,0,0,0,0,0,FALSE,0,"Fronto-temporo-parieto-occipital, subcortical areas","Mentalizing - <Functional responses related to mentalizing (i.e. understanding, and consequently predicting, mental and psychological states and behaviours) were assessed using a variant of the classical Reading the Mind in the Eyes Test, in which the patient is presented with a set of eyes and then asked to choose (from a list of two) the emotional state.>",sub-3256,mean: 38.1,372 M / 233 F,Mental 32,575 right / 37 left,60,1,1-4,mA,NA,Right,NA,Zenodo,MNI coordinates,35.00,11.00,60.00,"Coletta, L., Avesani, P., Zigiotto, L., Venturini, M., Annicchiarico, L., Vavassori, L., Ng, S., Duffau, H., & Sarubbo, S. (2024). Integrating direct electrical brain stimulation with the human connectome. Brain, 147(3), 1100–1111. https://doi.org/10.1093/brain/awad861",,
"Coletta et al., 2024",Italy,612,612,Tumor,Awake craniotomy,FALSE,0,FALSE,0,0,0,FALSE,0,0,0,FALSE,0,0,FALSE,0,0,0,FALSE,0,0,0,0,0,FALSE,FALSE,0,0,0,FALSE,0,0,0,0,FALSE,0,0,0,0,0,TRUE,FALSE,0,0,0,0,0,1,FALSE,FALSE,0,0,0,0,0,FALSE,0,0,0,0,0,0,0,FALSE,0,"Fronto-temporo-parieto-occipital, subcortical areas","Mentalizing - <Functional responses related to mentalizing (i.e. understanding, and consequently predicting, mental and psychological states and behaviours) were assessed using a variant of the classical Reading the Mind in the Eyes Test, in which the patient is presented with a set of eyes and then asked to choose (from a list of two) the emotional state.>",sub-3113,mean: 38.1,372 M / 233 F,Mental 33,575 right / 37 left,60,1,1-4,mA,NA,Right,NA,Zenodo,MNI coordinates,32.00,4.00,59.00,"Coletta, L., Avesani, P., Zigiotto, L., Venturini, M., Annicchiarico, L., Vavassori, L., Ng, S., Duffau, H., & Sarubbo, S. (2024). Integrating direct electrical brain stimulation with the human connectome. Brain, 147(3), 1100–1111. https://doi.org/10.1093/brain/awad862",,
"Coletta et al., 2024",Italy,612,612,Tumor,Awake craniotomy,FALSE,0,FALSE,0,0,0,FALSE,0,0,0,FALSE,0,0,FALSE,0,0,0,FALSE,0,0,0,0,0,FALSE,FALSE,0,0,0,FALSE,0,0,0,0,FALSE,0,0,0,0,0,TRUE,FALSE,0,0,0,0,0,1,FALSE,FALSE,0,0,0,0,0,FALSE,0,0,0,0,0,0,0,FALSE,0,"Fronto-temporo-parieto-occipital, subcortical areas","Mentalizing - <Functional responses related to mentalizing (i.e. understanding, and consequently predicting, mental and psychological states and behaviours) were assessed using a variant of the classical Reading the Mind in the Eyes Test, in which the patient is presented with a set of eyes and then asked to choose (from a list of two) the emotional state.>",sub-3114,mean: 38.1,372 M / 233 F,Mental 34,575 right / 37 left,60,1,1-4,mA,NA,Right,NA,Zenodo,MNI coordinates,53.00,6.00,-19.00,"Coletta, L., Avesani, P., Zigiotto, L., Venturini, M., Annicchiarico, L., Vavassori, L., Ng, S., Duffau, H., & Sarubbo, S. (2024). Integrating direct electrical brain stimulation with the human connectome. Brain, 147(3), 1100–1111. https://doi.org/10.1093/brain/awad863",,
"Coletta et al., 2024",Italy,612,612,Tumor,Awake craniotomy,FALSE,0,FALSE,0,0,0,FALSE,0,0,0,FALSE,0,0,FALSE,0,0,0,FALSE,0,0,0,0,0,FALSE,FALSE,0,0,0,FALSE,0,0,0,0,FALSE,0,0,0,0,0,TRUE,FALSE,0,0,0,0,0,1,FALSE,FALSE,0,0,0,0,0,FALSE,0,0,0,0,0,0,0,FALSE,0,"Fronto-temporo-parieto-occipital, subcortical areas","Mentalizing - <Functional responses related to mentalizing (i.e. understanding, and consequently predicting, mental and psychological states and behaviours) were assessed using a variant of the classical Reading the Mind in the Eyes Test, in which the patient is presented with a set of eyes and then asked to choose (from a list of two) the emotional state.>",sub-3258,mean: 38.1,372 M / 233 F,Mental 35,575 right / 37 left,60,1,1-4,mA,NA,Right,NA,Zenodo,MNI coordinates,32.00,13.00,62.00,"Coletta, L., Avesani, P., Zigiotto, L., Venturini, M., Annicchiarico, L., Vavassori, L., Ng, S., Duffau, H., & Sarubbo, S. (2024). Integrating direct electrical brain stimulation with the human connectome. Brain, 147(3), 1100–1111. https://doi.org/10.1093/brain/awad864",,
"Coletta et al., 2024",Italy,612,612,Tumor,Awake craniotomy,FALSE,0,FALSE,0,0,0,FALSE,0,0,0,FALSE,0,0,FALSE,0,0,0,FALSE,0,0,0,0,0,FALSE,FALSE,0,0,0,FALSE,0,0,0,0,FALSE,0,0,0,0,0,TRUE,FALSE,0,0,0,0,0,1,FALSE,FALSE,0,0,0,0,0,FALSE,0,0,0,0,0,0,0,FALSE,0,"Fronto-temporo-parieto-occipital, subcortical areas","Mentalizing - <Functional responses related to mentalizing (i.e. understanding, and consequently predicting, mental and psychological states and behaviours) were assessed using a variant of the classical Reading the Mind in the Eyes Test, in which the patient is presented with a set of eyes and then asked to choose (from a list of two) the emotional state.>",sub-3122,mean: 38.1,372 M / 233 F,Mental 36,575 right / 37 left,60,1,1-4,mA,NA,Right,NA,Zenodo,MNI coordinates,52.00,27.00,20.00,"Coletta, L., Avesani, P., Zigiotto, L., Venturini, M., Annicchiarico, L., Vavassori, L., Ng, S., Duffau, H., & Sarubbo, S. (2024). Integrating direct electrical brain stimulation with the human connectome. Brain, 147(3), 1100–1111. https://doi.org/10.1093/brain/awad865",,
"Coletta et al., 2024",Italy,612,612,Tumor,Awake craniotomy,FALSE,0,FALSE,0,0,0,FALSE,0,0,0,FALSE,0,0,FALSE,0,0,0,FALSE,0,0,0,0,0,FALSE,FALSE,0,0,0,FALSE,0,0,0,0,FALSE,0,0,0,0,0,TRUE,FALSE,0,0,0,0,0,1,FALSE,FALSE,0,0,0,0,0,FALSE,0,0,0,0,0,0,0,FALSE,0,"Fronto-temporo-parieto-occipital, subcortical areas","Mentalizing - <Functional responses related to mentalizing (i.e. understanding, and consequently predicting, mental and psychological states and behaviours) were assessed using a variant of the classical Reading the Mind in the Eyes Test, in which the patient is presented with a set of eyes and then asked to choose (from a list of two) the emotional state.>",sub-3122,mean: 38.1,372 M / 233 F,Mental 37,575 right / 37 left,60,1,1-4,mA,NA,Right,NA,Zenodo,MNI coordinates,62.00,-6.00,5.00,"Coletta, L., Avesani, P., Zigiotto, L., Venturini, M., Annicchiarico, L., Vavassori, L., Ng, S., Duffau, H., & Sarubbo, S. (2024). Integrating direct electrical brain stimulation with the human connectome. Brain, 147(3), 1100–1111. https://doi.org/10.1093/brain/awad866",,
"Coletta et al., 2024",Italy,612,612,Tumor,Awake craniotomy,FALSE,0,FALSE,0,0,0,FALSE,0,0,0,FALSE,0,0,FALSE,0,0,0,FALSE,0,0,0,0,0,FALSE,FALSE,0,0,0,FALSE,0,0,0,0,FALSE,0,0,0,0,0,TRUE,FALSE,0,0,0,0,0,1,FALSE,FALSE,0,0,0,0,0,FALSE,0,0,0,0,0,0,0,FALSE,0,"Fronto-temporo-parieto-occipital, subcortical areas","Mentalizing - <Functional responses related to mentalizing (i.e. understanding, and consequently predicting, mental and psychological states and behaviours) were assessed using a variant of the classical Reading the Mind in the Eyes Test, in which the patient is presented with a set of eyes and then asked to choose (from a list of two) the emotional state.>",sub-3126,mean: 38.1,372 M / 233 F,Mental 38,575 right / 37 left,60,1,1-4,mA,NA,Right,NA,Zenodo,MNI coordinates,57.00,26.00,18.00,"Coletta, L., Avesani, P., Zigiotto, L., Venturini, M., Annicchiarico, L., Vavassori, L., Ng, S., Duffau, H., & Sarubbo, S. (2024). Integrating direct electrical brain stimulation with the human connectome. Brain, 147(3), 1100–1111. https://doi.org/10.1093/brain/awad867",,
"Coletta et al., 2024",Italy,612,612,Tumor,Awake craniotomy,FALSE,0,FALSE,0,0,0,FALSE,0,0,0,FALSE,0,0,FALSE,0,0,0,FALSE,0,0,0,0,0,FALSE,FALSE,0,0,0,FALSE,0,0,0,0,FALSE,0,0,0,0,0,TRUE,FALSE,0,0,0,0,0,1,FALSE,FALSE,0,0,0,0,0,FALSE,0,0,0,0,0,0,0,FALSE,0,"Fronto-temporo-parieto-occipital, subcortical areas","Mentalizing - <Functional responses related to mentalizing (i.e. understanding, and consequently predicting, mental and psychological states and behaviours) were assessed using a variant of the classical Reading the Mind in the Eyes Test, in which the patient is presented with a set of eyes and then asked to choose (from a list of two) the emotional state.>",sub-3129,mean: 38.1,372 M / 233 F,Mental 39,575 right / 37 left,60,1,1-4,mA,NA,Right,NA,Zenodo,MNI coordinates,48.00,33.00,14.00,"Coletta, L., Avesani, P., Zigiotto, L., Venturini, M., Annicchiarico, L., Vavassori, L., Ng, S., Duffau, H., & Sarubbo, S. (2024). Integrating direct electrical brain stimulation with the human connectome. Brain, 147(3), 1100–1111. https://doi.org/10.1093/brain/awad868",,
"Coletta et al., 2024",Italy,612,612,Tumor,Awake craniotomy,FALSE,0,FALSE,0,0,0,FALSE,0,0,0,FALSE,0,0,FALSE,0,0,0,FALSE,0,0,0,0,0,FALSE,FALSE,0,0,0,FALSE,0,0,0,0,FALSE,0,0,0,0,0,TRUE,FALSE,0,0,0,0,0,1,FALSE,FALSE,0,0,0,0,0,FALSE,0,0,0,0,0,0,0,FALSE,0,"Fronto-temporo-parieto-occipital, subcortical areas","Mentalizing - <Functional responses related to mentalizing (i.e. understanding, and consequently predicting, mental and psychological states and behaviours) were assessed using a variant of the classical Reading the Mind in the Eyes Test, in which the patient is presented with a set of eyes and then asked to choose (from a list of two) the emotional state.>",sub-3133,mean: 38.1,372 M / 233 F,Mental 40,575 right / 37 left,60,1,1-4,mA,NA,Right,NA,Zenodo,MNI coordinates,58.00,20.00,7.00,"Coletta, L., Avesani, P., Zigiotto, L., Venturini, M., Annicchiarico, L., Vavassori, L., Ng, S., Duffau, H., & Sarubbo, S. (2024). Integrating direct electrical brain stimulation with the human connectome. Brain, 147(3), 1100–1111. https://doi.org/10.1093/brain/awad869",,
"Coletta et al., 2024",Italy,612,612,Tumor,Awake craniotomy,FALSE,0,FALSE,0,0,0,FALSE,0,0,0,FALSE,0,0,FALSE,0,0,0,FALSE,0,0,0,0,0,FALSE,FALSE,0,0,0,FALSE,0,0,0,0,FALSE,0,0,0,0,0,TRUE,FALSE,0,0,0,0,0,1,FALSE,FALSE,0,0,0,0,0,FALSE,0,0,0,0,0,0,0,FALSE,0,"Fronto-temporo-parieto-occipital, subcortical areas","Mentalizing - <Functional responses related to mentalizing (i.e. understanding, and consequently predicting, mental and psychological states and behaviours) were assessed using a variant of the classical Reading the Mind in the Eyes Test, in which the patient is presented with a set of eyes and then asked to choose (from a list of two) the emotional state.>",sub-3134,mean: 38.1,372 M / 233 F,Mental 41,575 right / 37 left,60,1,1-4,mA,NA,Right,NA,Zenodo,MNI coordinates,64.00,-23.00,-4.00,"Coletta, L., Avesani, P., Zigiotto, L., Venturini, M., Annicchiarico, L., Vavassori, L., Ng, S., Duffau, H., & Sarubbo, S. (2024). Integrating direct electrical brain stimulation with the human connectome. Brain, 147(3), 1100–1111. https://doi.org/10.1093/brain/awad870",,
"Coletta et al., 2024",Italy,612,612,Tumor,Awake craniotomy,FALSE,0,FALSE,0,0,0,FALSE,0,0,0,FALSE,0,0,FALSE,0,0,0,FALSE,0,0,0,0,0,FALSE,FALSE,0,0,0,FALSE,0,0,0,0,FALSE,0,0,0,0,0,TRUE,FALSE,0,0,0,0,0,1,FALSE,FALSE,0,0,0,0,0,FALSE,0,0,0,0,0,0,0,FALSE,0,"Fronto-temporo-parieto-occipital, subcortical areas","Mentalizing - <Functional responses related to mentalizing (i.e. understanding, and consequently predicting, mental and psychological states and behaviours) were assessed using a variant of the classical Reading the Mind in the Eyes Test, in which the patient is presented with a set of eyes and then asked to choose (from a list of two) the emotional state.>",sub-3136,mean: 38.1,372 M / 233 F,Mental 42,575 right / 37 left,60,1,1-4,mA,NA,Right,NA,Zenodo,MNI coordinates,51.00,13.00,45.00,"Coletta, L., Avesani, P., Zigiotto, L., Venturini, M., Annicchiarico, L., Vavassori, L., Ng, S., Duffau, H., & Sarubbo, S. (2024). Integrating direct electrical brain stimulation with the human connectome. Brain, 147(3), 1100–1111. https://doi.org/10.1093/brain/awad871",,
"Coletta et al., 2024",Italy,612,612,Tumor,Awake craniotomy,FALSE,0,FALSE,0,0,0,FALSE,0,0,0,FALSE,0,0,FALSE,0,0,0,FALSE,0,0,0,0,0,FALSE,FALSE,0,0,0,FALSE,0,0,0,0,FALSE,0,0,0,0,0,TRUE,FALSE,0,0,0,0,0,1,FALSE,FALSE,0,0,0,0,0,FALSE,0,0,0,0,0,0,0,FALSE,0,"Fronto-temporo-parieto-occipital, subcortical areas","Mentalizing - <Functional responses related to mentalizing (i.e. understanding, and consequently predicting, mental and psychological states and behaviours) were assessed using a variant of the classical Reading the Mind in the Eyes Test, in which the patient is presented with a set of eyes and then asked to choose (from a list of two) the emotional state.>",sub-3140,mean: 38.1,372 M / 233 F,Mental 43,575 right / 37 left,60,1,1-4,mA,NA,Right,NA,Zenodo,MNI coordinates,47.00,44.00,21.00,"Coletta, L., Avesani, P., Zigiotto, L., Venturini, M., Annicchiarico, L., Vavassori, L., Ng, S., Duffau, H., & Sarubbo, S. (2024). Integrating direct electrical brain stimulation with the human connectome. Brain, 147(3), 1100–1111. https://doi.org/10.1093/brain/awad872",,
"Coletta et al., 2024",Italy,612,612,Tumor,Awake craniotomy,FALSE,0,FALSE,0,0,0,FALSE,0,0,0,FALSE,0,0,FALSE,0,0,0,FALSE,0,0,0,0,0,FALSE,FALSE,0,0,0,FALSE,0,0,0,0,FALSE,0,0,0,0,0,TRUE,FALSE,0,0,0,0,0,1,FALSE,FALSE,0,0,0,0,0,FALSE,0,0,0,0,0,0,0,FALSE,0,"Fronto-temporo-parieto-occipital, subcortical areas","Mentalizing - <Functional responses related to mentalizing (i.e. understanding, and consequently predicting, mental and psychological states and behaviours) were assessed using a variant of the classical Reading the Mind in the Eyes Test, in which the patient is presented with a set of eyes and then asked to choose (from a list of two) the emotional state.>",sub-3141,mean: 38.1,372 M / 233 F,Mental 44,575 right / 37 left,60,1,1-4,mA,NA,Right,NA,Zenodo,MNI coordinates,42.00,4.00,56.00,"Coletta, L., Avesani, P., Zigiotto, L., Venturini, M., Annicchiarico, L., Vavassori, L., Ng, S., Duffau, H., & Sarubbo, S. (2024). Integrating direct electrical brain stimulation with the human connectome. Brain, 147(3), 1100–1111. https://doi.org/10.1093/brain/awad873",,
"Coletta et al., 2024",Italy,612,612,Tumor,Awake craniotomy,FALSE,0,FALSE,0,0,0,FALSE,0,0,0,FALSE,0,0,FALSE,0,0,0,FALSE,0,0,0,0,0,FALSE,FALSE,0,0,0,FALSE,0,0,0,0,FALSE,0,0,0,0,0,TRUE,FALSE,0,0,0,0,0,1,FALSE,FALSE,0,0,0,0,0,FALSE,0,0,0,0,0,0,0,FALSE,0,"Fronto-temporo-parieto-occipital, subcortical areas","Mentalizing - <Functional responses related to mentalizing (i.e. understanding, and consequently predicting, mental and psychological states and behaviours) were assessed using a variant of the classical Reading the Mind in the Eyes Test, in which the patient is presented with a set of eyes and then asked to choose (from a list of two) the emotional state.>",sub-3141,mean: 38.1,372 M / 233 F,Mental 45,575 right / 37 left,60,1,1-4,mA,NA,Right,NA,Zenodo,MNI coordinates,31.00,3.00,60.00,"Coletta, L., Avesani, P., Zigiotto, L., Venturini, M., Annicchiarico, L., Vavassori, L., Ng, S., Duffau, H., & Sarubbo, S. (2024). Integrating direct electrical brain stimulation with the human connectome. Brain, 147(3), 1100–1111. https://doi.org/10.1093/brain/awad874",,
"Coletta et al., 2024",Italy,612,612,Tumor,Awake craniotomy,FALSE,0,FALSE,0,0,0,FALSE,0,0,0,FALSE,0,0,FALSE,0,0,0,FALSE,0,0,0,0,0,FALSE,FALSE,0,0,0,FALSE,0,0,0,0,FALSE,0,0,0,0,0,TRUE,FALSE,0,0,0,0,0,1,FALSE,FALSE,0,0,0,0,0,FALSE,0,0,0,0,0,0,0,FALSE,0,"Fronto-temporo-parieto-occipital, subcortical areas","Mentalizing - <Functional responses related to mentalizing (i.e. understanding, and consequently predicting, mental and psychological states and behaviours) were assessed using a variant of the classical Reading the Mind in the Eyes Test, in which the patient is presented with a set of eyes and then asked to choose (from a list of two) the emotional state.>",sub-3263,mean: 38.1,372 M / 233 F,Mental 46,575 right / 37 left,60,1,1-4,mA,NA,Right,NA,Zenodo,MNI coordinates,56.00,14.00,30.00,"Coletta, L., Avesani, P., Zigiotto, L., Venturini, M., Annicchiarico, L., Vavassori, L., Ng, S., Duffau, H., & Sarubbo, S. (2024). Integrating direct electrical brain stimulation with the human connectome. Brain, 147(3), 1100–1111. https://doi.org/10.1093/brain/awad875",,
"Coletta et al., 2024",Italy,612,612,Tumor,Awake craniotomy,FALSE,0,FALSE,0,0,0,FALSE,0,0,0,FALSE,0,0,FALSE,0,0,0,FALSE,0,0,0,0,0,FALSE,FALSE,0,0,0,FALSE,0,0,0,0,FALSE,0,0,0,0,0,TRUE,FALSE,0,0,0,0,0,1,FALSE,FALSE,0,0,0,0,0,FALSE,0,0,0,0,0,0,0,FALSE,0,"Fronto-temporo-parieto-occipital, subcortical areas","Mentalizing - <Functional responses related to mentalizing (i.e. understanding, and consequently predicting, mental and psychological states and behaviours) were assessed using a variant of the classical Reading the Mind in the Eyes Test, in which the patient is presented with a set of eyes and then asked to choose (from a list of two) the emotional state.>",sub-3156,mean: 38.1,372 M / 233 F,Mental 47,575 right / 37 left,60,1,1-4,mA,NA,Right,NA,Zenodo,MNI coordinates,53.00,34.00,25.00,"Coletta, L., Avesani, P., Zigiotto, L., Venturini, M., Annicchiarico, L., Vavassori, L., Ng, S., Duffau, H., & Sarubbo, S. (2024). Integrating direct electrical brain stimulation with the human connectome. Brain, 147(3), 1100–1111. https://doi.org/10.1093/brain/awad876",,
"Coletta et al., 2024",Italy,612,612,Tumor,Awake craniotomy,FALSE,0,FALSE,0,0,0,FALSE,0,0,0,FALSE,0,0,FALSE,0,0,0,FALSE,0,0,0,0,0,FALSE,FALSE,0,0,0,FALSE,0,0,0,0,FALSE,0,0,0,0,0,TRUE,FALSE,0,0,0,0,0,1,FALSE,FALSE,0,0,0,0,0,FALSE,0,0,0,0,0,0,0,FALSE,0,"Fronto-temporo-parieto-occipital, subcortical areas","Mentalizing - <Functional responses related to mentalizing (i.e. understanding, and consequently predicting, mental and psychological states and behaviours) were assessed using a variant of the classical Reading the Mind in the Eyes Test, in which the patient is presented with a set of eyes and then asked to choose (from a list of two) the emotional state.>",sub-3160,mean: 38.1,372 M / 233 F,Mental 48,575 right / 37 left,60,1,1-4,mA,NA,Right,NA,Zenodo,MNI coordinates,62.00,-42.00,25.00,"Coletta, L., Avesani, P., Zigiotto, L., Venturini, M., Annicchiarico, L., Vavassori, L., Ng, S., Duffau, H., & Sarubbo, S. (2024). Integrating direct electrical brain stimulation with the human connectome. Brain, 147(3), 1100–1111. https://doi.org/10.1093/brain/awad877",,
"Coletta et al., 2024",Italy,612,612,Tumor,Awake craniotomy,FALSE,0,FALSE,0,0,0,FALSE,0,0,0,FALSE,0,0,FALSE,0,0,0,FALSE,0,0,0,0,0,FALSE,FALSE,0,0,0,FALSE,0,0,0,0,FALSE,0,0,0,0,0,TRUE,FALSE,0,0,0,0,0,1,FALSE,FALSE,0,0,0,0,0,FALSE,0,0,0,0,0,0,0,FALSE,0,"Fronto-temporo-parieto-occipital, subcortical areas","Mentalizing - <Functional responses related to mentalizing (i.e. understanding, and consequently predicting, mental and psychological states and behaviours) were assessed using a variant of the classical Reading the Mind in the Eyes Test, in which the patient is presented with a set of eyes and then asked to choose (from a list of two) the emotional state.>",sub-3166,mean: 38.1,372 M / 233 F,Mental 49,575 right / 37 left,60,1,1-4,mA,NA,Right,NA,Zenodo,MNI coordinates,55.00,32.00,2.00,"Coletta, L., Avesani, P., Zigiotto, L., Venturini, M., Annicchiarico, L., Vavassori, L., Ng, S., Duffau, H., & Sarubbo, S. (2024). Integrating direct electrical brain stimulation with the human connectome. Brain, 147(3), 1100–1111. https://doi.org/10.1093/brain/awad878",,
"Coletta et al., 2024",Italy,612,612,Tumor,Awake craniotomy,FALSE,0,FALSE,0,0,0,FALSE,0,0,0,FALSE,0,0,FALSE,0,0,0,FALSE,0,0,0,0,0,FALSE,FALSE,0,0,0,FALSE,0,0,0,0,FALSE,0,0,0,0,0,TRUE,FALSE,0,0,0,0,0,1,FALSE,FALSE,0,0,0,0,0,FALSE,0,0,0,0,0,0,0,FALSE,0,"Fronto-temporo-parieto-occipital, subcortical areas","Mentalizing - <Functional responses related to mentalizing (i.e. understanding, and consequently predicting, mental and psychological states and behaviours) were assessed using a variant of the classical Reading the Mind in the Eyes Test, in which the patient is presented with a set of eyes and then asked to choose (from a list of two) the emotional state.>",sub-3171,mean: 38.1,372 M / 233 F,Mental 50,575 right / 37 left,60,1,1-4,mA,NA,Right,NA,Zenodo,MNI coordinates,42.00,-2.00,53.00,"Coletta, L., Avesani, P., Zigiotto, L., Venturini, M., Annicchiarico, L., Vavassori, L., Ng, S., Duffau, H., & Sarubbo, S. (2024). Integrating direct electrical brain stimulation with the human connectome. Brain, 147(3), 1100–1111. https://doi.org/10.1093/brain/awad879",,
"Coletta et al., 2024",Italy,612,612,Tumor,Awake craniotomy,FALSE,0,FALSE,0,0,0,FALSE,0,0,0,FALSE,0,0,FALSE,0,0,0,FALSE,0,0,0,0,0,FALSE,FALSE,0,0,0,FALSE,0,0,0,0,FALSE,0,0,0,0,0,TRUE,FALSE,0,0,0,0,0,1,FALSE,FALSE,0,0,0,0,0,FALSE,0,0,0,0,0,0,0,FALSE,0,"Fronto-temporo-parieto-occipital, subcortical areas","Mentalizing - <Functional responses related to mentalizing (i.e. understanding, and consequently predicting, mental and psychological states and behaviours) were assessed using a variant of the classical Reading the Mind in the Eyes Test, in which the patient is presented with a set of eyes and then asked to choose (from a list of two) the emotional state.>",sub-3272,mean: 38.1,372 M / 233 F,Mental 51,575 right / 37 left,60,1,1-4,mA,NA,Right,NA,Zenodo,MNI coordinates,64.00,0.00,8.00,"Coletta, L., Avesani, P., Zigiotto, L., Venturini, M., Annicchiarico, L., Vavassori, L., Ng, S., Duffau, H., & Sarubbo, S. (2024). Integrating direct electrical brain stimulation with the human connectome. Brain, 147(3), 1100–1111. https://doi.org/10.1093/brain/awad880",,
"Coletta et al., 2024",Italy,612,612,Tumor,Awake craniotomy,FALSE,0,FALSE,0,0,0,FALSE,0,0,0,FALSE,0,0,FALSE,0,0,0,FALSE,0,0,0,0,0,FALSE,FALSE,0,0,0,FALSE,0,0,0,0,FALSE,0,0,0,0,0,TRUE,FALSE,0,0,0,0,0,1,FALSE,FALSE,0,0,0,0,0,FALSE,0,0,0,0,0,0,0,FALSE,0,"Fronto-temporo-parieto-occipital, subcortical areas","Mentalizing - <Functional responses related to mentalizing (i.e. understanding, and consequently predicting, mental and psychological states and behaviours) were assessed using a variant of the classical Reading the Mind in the Eyes Test, in which the patient is presented with a set of eyes and then asked to choose (from a list of two) the emotional state.>",sub-3189,mean: 38.1,372 M / 233 F,Mental 52,575 right / 37 left,60,1,1-4,mA,NA,Right,NA,Zenodo,MNI coordinates,59.00,26.00,16.00,"Coletta, L., Avesani, P., Zigiotto, L., Venturini, M., Annicchiarico, L., Vavassori, L., Ng, S., Duffau, H., & Sarubbo, S. (2024). Integrating direct electrical brain stimulation with the human connectome. Brain, 147(3), 1100–1111. https://doi.org/10.1093/brain/awad881",,
"Coletta et al., 2024",Italy,612,612,Tumor,Awake craniotomy,FALSE,0,FALSE,0,0,0,FALSE,0,0,0,FALSE,0,0,FALSE,0,0,0,FALSE,0,0,0,0,0,FALSE,FALSE,0,0,0,FALSE,0,0,0,0,FALSE,0,0,0,0,0,TRUE,FALSE,0,0,0,0,0,1,FALSE,FALSE,0,0,0,0,0,FALSE,0,0,0,0,0,0,0,FALSE,0,"Fronto-temporo-parieto-occipital, subcortical areas","Mentalizing - <Functional responses related to mentalizing (i.e. understanding, and consequently predicting, mental and psychological states and behaviours) were assessed using a variant of the classical Reading the Mind in the Eyes Test, in which the patient is presented with a set of eyes and then asked to choose (from a list of two) the emotional state.>",sub-3190,mean: 38.1,372 M / 233 F,Mental 53,575 right / 37 left,60,1,1-4,mA,NA,Right,NA,Zenodo,MNI coordinates,51.00,26.00,-6.00,"Coletta, L., Avesani, P., Zigiotto, L., Venturini, M., Annicchiarico, L., Vavassori, L., Ng, S., Duffau, H., & Sarubbo, S. (2024). Integrating direct electrical brain stimulation with the human connectome. Brain, 147(3), 1100–1111. https://doi.org/10.1093/brain/awad882",,
"Coletta et al., 2024",Italy,612,612,Tumor,Awake craniotomy,FALSE,0,FALSE,0,0,0,FALSE,0,0,0,FALSE,0,0,FALSE,0,0,0,FALSE,0,0,0,0,0,FALSE,FALSE,0,0,0,FALSE,0,0,0,0,FALSE,0,0,0,0,0,TRUE,FALSE,0,0,0,0,0,1,FALSE,FALSE,0,0,0,0,0,FALSE,0,0,0,0,0,0,0,FALSE,0,"Fronto-temporo-parieto-occipital, subcortical areas","Mentalizing - <Functional responses related to mentalizing (i.e. understanding, and consequently predicting, mental and psychological states and behaviours) were assessed using a variant of the classical Reading the Mind in the Eyes Test, in which the patient is presented with a set of eyes and then asked to choose (from a list of two) the emotional state.>",sub-3275,mean: 38.1,372 M / 233 F,Mental 54,575 right / 37 left,60,1,1-4,mA,NA,Right,NA,Zenodo,MNI coordinates,65.00,-14.00,8.00,"Coletta, L., Avesani, P., Zigiotto, L., Venturini, M., Annicchiarico, L., Vavassori, L., Ng, S., Duffau, H., & Sarubbo, S. (2024). Integrating direct electrical brain stimulation with the human connectome. Brain, 147(3), 1100–1111. https://doi.org/10.1093/brain/awad883",,
"Coletta et al., 2024",Italy,612,612,Tumor,Awake craniotomy,FALSE,0,FALSE,0,0,0,FALSE,0,0,0,FALSE,0,0,FALSE,0,0,0,FALSE,0,0,0,0,0,FALSE,FALSE,0,0,0,FALSE,0,0,0,0,FALSE,0,0,0,0,0,TRUE,FALSE,0,0,0,0,0,1,FALSE,FALSE,0,0,0,0,0,FALSE,0,0,0,0,0,0,0,FALSE,0,"Fronto-temporo-parieto-occipital, subcortical areas","Mentalizing - <Functional responses related to mentalizing (i.e. understanding, and consequently predicting, mental and psychological states and behaviours) were assessed using a variant of the classical Reading the Mind in the Eyes Test, in which the patient is presented with a set of eyes and then asked to choose (from a list of two) the emotional state.>",sub-3197,mean: 38.1,372 M / 233 F,Mental 55,575 right / 37 left,60,1,1-4,mA,NA,Right,NA,Zenodo,MNI coordinates,37.00,25.00,46.00,"Coletta, L., Avesani, P., Zigiotto, L., Venturini, M., Annicchiarico, L., Vavassori, L., Ng, S., Duffau, H., & Sarubbo, S. (2024). Integrating direct electrical brain stimulation with the human connectome. Brain, 147(3), 1100–1111. https://doi.org/10.1093/brain/awad884",,
"Coletta et al., 2024",Italy,612,612,Tumor,Awake craniotomy,FALSE,0,FALSE,0,0,0,FALSE,0,0,0,FALSE,0,0,FALSE,0,0,0,FALSE,0,0,0,0,0,FALSE,FALSE,0,0,0,FALSE,0,0,0,0,FALSE,0,0,0,0,0,TRUE,FALSE,0,0,0,0,0,1,FALSE,FALSE,0,0,0,0,0,FALSE,0,0,0,0,0,0,0,FALSE,0,"Fronto-temporo-parieto-occipital, subcortical areas","Mentalizing - <Functional responses related to mentalizing (i.e. understanding, and consequently predicting, mental and psychological states and behaviours) were assessed using a variant of the classical Reading the Mind in the Eyes Test, in which the patient is presented with a set of eyes and then asked to choose (from a list of two) the emotional state.>",sub-3296,mean: 38.1,372 M / 233 F,Mental 56,575 right / 37 left,60,1,1-4,mA,NA,Right,NA,Zenodo,MNI coordinates,68.00,-32.00,12.00,"Coletta, L., Avesani, P., Zigiotto, L., Venturini, M., Annicchiarico, L., Vavassori, L., Ng, S., Duffau, H., & Sarubbo, S. (2024). Integrating direct electrical brain stimulation with the human connectome. Brain, 147(3), 1100–1111. https://doi.org/10.1093/brain/awad885",,
"Coletta et al., 2024",Italy,612,612,Tumor,Awake craniotomy,FALSE,0,FALSE,0,0,0,FALSE,0,0,0,FALSE,0,0,FALSE,0,0,0,FALSE,0,0,0,0,0,FALSE,FALSE,0,0,0,FALSE,0,0,0,0,FALSE,0,0,0,0,0,TRUE,FALSE,0,0,0,0,0,1,FALSE,FALSE,0,0,0,0,0,FALSE,0,0,0,0,0,0,0,FALSE,0,"Fronto-temporo-parieto-occipital, subcortical areas","Mentalizing - <Functional responses related to mentalizing (i.e. understanding, and consequently predicting, mental and psychological states and behaviours) were assessed using a variant of the classical Reading the Mind in the Eyes Test, in which the patient is presented with a set of eyes and then asked to choose (from a list of two) the emotional state.>",sub-3202,mean: 38.1,372 M / 233 F,Mental 57,575 right / 37 left,60,1,1-4,mA,NA,Right,NA,Zenodo,MNI coordinates,50.00,28.00,26.00,"Coletta, L., Avesani, P., Zigiotto, L., Venturini, M., Annicchiarico, L., Vavassori, L., Ng, S., Duffau, H., & Sarubbo, S. (2024). Integrating direct electrical brain stimulation with the human connectome. Brain, 147(3), 1100–1111. https://doi.org/10.1093/brain/awad886",,
"Coletta et al., 2024",Italy,612,612,Tumor,Awake craniotomy,FALSE,0,FALSE,0,0,0,FALSE,0,0,0,FALSE,0,0,FALSE,0,0,0,FALSE,0,0,0,0,0,FALSE,FALSE,0,0,0,FALSE,0,0,0,0,FALSE,0,0,0,0,0,TRUE,FALSE,0,0,0,0,0,1,FALSE,FALSE,0,0,0,0,0,FALSE,0,0,0,0,0,0,0,FALSE,0,"Fronto-temporo-parieto-occipital, subcortical areas","Mentalizing - <Functional responses related to mentalizing (i.e. understanding, and consequently predicting, mental and psychological states and behaviours) were assessed using a variant of the classical Reading the Mind in the Eyes Test, in which the patient is presented with a set of eyes and then asked to choose (from a list of two) the emotional state.>",sub-3203,mean: 38.1,372 M / 233 F,Mental 58,575 right / 37 left,60,1,1-4,mA,NA,Right,NA,Zenodo,MNI coordinates,51.00,28.00,11.00,"Coletta, L., Avesani, P., Zigiotto, L., Venturini, M., Annicchiarico, L., Vavassori, L., Ng, S., Duffau, H., & Sarubbo, S. (2024). Integrating direct electrical brain stimulation with the human connectome. Brain, 147(3), 1100–1111. https://doi.org/10.1093/brain/awad887",,
"Coletta et al., 2024",Italy,612,612,Tumor,Awake craniotomy,FALSE,0,FALSE,0,0,0,FALSE,0,0,0,FALSE,0,0,FALSE,0,0,0,FALSE,0,0,0,0,0,FALSE,FALSE,0,0,0,FALSE,0,0,0,0,FALSE,0,0,0,0,0,TRUE,FALSE,0,0,0,0,0,1,FALSE,FALSE,0,0,0,0,0,FALSE,0,0,0,0,0,0,0,FALSE,0,"Fronto-temporo-parieto-occipital, subcortical areas","Mentalizing - <Functional responses related to mentalizing (i.e. understanding, and consequently predicting, mental and psychological states and behaviours) were assessed using a variant of the classical Reading the Mind in the Eyes Test, in which the patient is presented with a set of eyes and then asked to choose (from a list of two) the emotional state.>",sub-3209,mean: 38.1,372 M / 233 F,Mental 59,575 right / 37 left,60,1,1-4,mA,NA,Right,NA,Zenodo,MNI coordinates,59.00,18.00,14.00,"Coletta, L., Avesani, P., Zigiotto, L., Venturini, M., Annicchiarico, L., Vavassori, L., Ng, S., Duffau, H., & Sarubbo, S. (2024). Integrating direct electrical brain stimulation with the human connectome. Brain, 147(3), 1100–1111. https://doi.org/10.1093/brain/awad888",,
"Coletta et al., 2024",Italy,612,612,Tumor,Awake craniotomy,FALSE,0,FALSE,0,0,0,FALSE,0,0,0,FALSE,0,0,FALSE,0,0,0,FALSE,0,0,0,0,0,FALSE,FALSE,0,0,0,FALSE,0,0,0,0,FALSE,0,0,0,0,0,TRUE,FALSE,0,0,0,0,0,1,FALSE,FALSE,0,0,0,0,0,FALSE,0,0,0,0,0,0,0,FALSE,0,"Fronto-temporo-parieto-occipital, subcortical areas","Mentalizing - <Functional responses related to mentalizing (i.e. understanding, and consequently predicting, mental and psychological states and behaviours) were assessed using a variant of the classical Reading the Mind in the Eyes Test, in which the patient is presented with a set of eyes and then asked to choose (from a list of two) the emotional state.>",sub-3005,mean: 38.1,372 M / 233 F,Mental 60,575 right / 37 left,60,1,1-4,mA,NA,Right,NA,Zenodo,MNI coordinates,49.00,34.00,8.00,"Coletta, L., Avesani, P., Zigiotto, L., Venturini, M., Annicchiarico, L., Vavassori, L., Ng, S., Duffau, H., & Sarubbo, S. (2024). Integrating direct electrical brain stimulation with the human connectome. Brain, 147(3), 1100–1111. https://doi.org/10.1093/brain/awad889",,
"Coletta et al., 2024",Italy,612,612,Tumor,Awake craniotomy,FALSE,0,FALSE,0,0,0,FALSE,0,0,0,FALSE,0,0,FALSE,0,0,0,FALSE,0,0,0,0,0,FALSE,FALSE,0,0,0,FALSE,0,0,0,0,FALSE,0,0,0,0,0,TRUE,FALSE,0,0,0,0,0,1,FALSE,FALSE,0,0,0,0,0,FALSE,0,0,0,0,0,0,0,FALSE,0,"Fronto-temporo-parieto-occipital, subcortical areas","Mentalizing - <Functional responses related to mentalizing (i.e. understanding, and consequently predicting, mental and psychological states and behaviours) were assessed using a variant of the classical Reading the Mind in the Eyes Test, in which the patient is presented with a set of eyes and then asked to choose (from a list of two) the emotional state.>",sub-2010,mean: 38.1,372 M / 233 F,Mental 61,575 right / 37 left,60,1,1-4,mA,NA,Right,NA,Zenodo,MNI coordinates,19.00,20.00,5.00,"Coletta, L., Avesani, P., Zigiotto, L., Venturini, M., Annicchiarico, L., Vavassori, L., Ng, S., Duffau, H., & Sarubbo, S. (2024). Integrating direct electrical brain stimulation with the human connectome. Brain, 147(3), 1100–1111. https://doi.org/10.1093/brain/awad890",,
"Coletta et al., 2024",Italy,612,612,Tumor,Awake craniotomy,FALSE,0,FALSE,0,0,0,FALSE,0,0,0,FALSE,0,0,FALSE,0,0,0,FALSE,0,0,0,0,0,FALSE,FALSE,0,0,0,FALSE,0,0,0,0,FALSE,0,0,0,0,0,TRUE,FALSE,0,0,0,0,0,1,FALSE,FALSE,0,0,0,0,0,FALSE,0,0,0,0,0,0,0,FALSE,0,"Fronto-temporo-parieto-occipital, subcortical areas","Mentalizing - <Functional responses related to mentalizing (i.e. understanding, and consequently predicting, mental and psychological states and behaviours) were assessed using a variant of the classical Reading the Mind in the Eyes Test, in which the patient is presented with a set of eyes and then asked to choose (from a list of two) the emotional state.>",sub-2069,mean: 38.1,372 M / 233 F,Mental 62,575 right / 37 left,60,1,1-4,mA,NA,Right,NA,Zenodo,MNI coordinates,30.00,31.00,5.00,"Coletta, L., Avesani, P., Zigiotto, L., Venturini, M., Annicchiarico, L., Vavassori, L., Ng, S., Duffau, H., & Sarubbo, S. (2024). Integrating direct electrical brain stimulation with the human connectome. Brain, 147(3), 1100–1111. https://doi.org/10.1093/brain/awad891",,
"Coletta et al., 2024",Italy,612,612,Tumor,Awake craniotomy,FALSE,0,FALSE,0,0,0,FALSE,0,0,0,FALSE,0,0,FALSE,0,0,0,FALSE,0,0,0,0,0,FALSE,FALSE,0,0,0,FALSE,0,0,0,0,FALSE,0,0,0,0,0,TRUE,FALSE,0,0,0,0,0,1,FALSE,FALSE,0,0,0,0,0,FALSE,0,0,0,0,0,0,0,FALSE,0,"Fronto-temporo-parieto-occipital, subcortical areas","Mentalizing - <Functional responses related to mentalizing (i.e. understanding, and consequently predicting, mental and psychological states and behaviours) were assessed using a variant of the classical Reading the Mind in the Eyes Test, in which the patient is presented with a set of eyes and then asked to choose (from a list of two) the emotional state.>",sub-2053,mean: 38.1,372 M / 233 F,Mental 63,575 right / 37 left,60,1,1-4,mA,NA,Right,NA,Zenodo,MNI coordinates,11.00,0.00,40.00,"Coletta, L., Avesani, P., Zigiotto, L., Venturini, M., Annicchiarico, L., Vavassori, L., Ng, S., Duffau, H., & Sarubbo, S. (2024). Integrating direct electrical brain stimulation with the human connectome. Brain, 147(3), 1100–1111. https://doi.org/10.1093/brain/awad892",,
"Coletta et al., 2024",Italy,612,612,Tumor,Awake craniotomy,FALSE,0,FALSE,0,0,0,FALSE,0,0,0,FALSE,0,0,FALSE,0,0,0,FALSE,0,0,0,0,0,FALSE,FALSE,0,0,0,FALSE,0,0,0,0,FALSE,0,0,0,0,0,TRUE,FALSE,0,0,0,0,0,1,FALSE,FALSE,0,0,0,0,0,FALSE,0,0,0,0,0,0,0,FALSE,0,"Fronto-temporo-parieto-occipital, subcortical areas","Mentalizing - <Functional responses related to mentalizing (i.e. understanding, and consequently predicting, mental and psychological states and behaviours) were assessed using a variant of the classical Reading the Mind in the Eyes Test, in which the patient is presented with a set of eyes and then asked to choose (from a list of two) the emotional state.>",sub-2052,mean: 38.1,372 M / 233 F,Mental 64,575 right / 37 left,60,1,1-4,mA,NA,Right,NA,Zenodo,MNI coordinates,20.00,37.00,0.00,"Coletta, L., Avesani, P., Zigiotto, L., Venturini, M., Annicchiarico, L., Vavassori, L., Ng, S., Duffau, H., & Sarubbo, S. (2024). Integrating direct electrical brain stimulation with the human connectome. Brain, 147(3), 1100–1111. https://doi.org/10.1093/brain/awad893",,
"Coletta et al., 2024",Italy,612,612,Tumor,Awake craniotomy,FALSE,0,FALSE,0,0,0,FALSE,0,0,0,FALSE,0,0,FALSE,0,0,0,FALSE,0,0,0,0,0,FALSE,FALSE,0,0,0,FALSE,0,0,0,0,FALSE,0,0,0,0,0,TRUE,FALSE,0,0,0,0,0,1,FALSE,FALSE,0,0,0,0,0,FALSE,0,0,0,0,0,0,0,FALSE,0,"Fronto-temporo-parieto-occipital, subcortical areas","Mentalizing - <Functional responses related to mentalizing (i.e. understanding, and consequently predicting, mental and psychological states and behaviours) were assessed using a variant of the classical Reading the Mind in the Eyes Test, in which the patient is presented with a set of eyes and then asked to choose (from a list of two) the emotional state.>",sub-2052,mean: 38.1,372 M / 233 F,Mental 65,575 right / 37 left,60,1,1-4,mA,NA,Right,NA,Zenodo,MNI coordinates,15.00,37.00,16.00,"Coletta, L., Avesani, P., Zigiotto, L., Venturini, M., Annicchiarico, L., Vavassori, L., Ng, S., Duffau, H., & Sarubbo, S. (2024). Integrating direct electrical brain stimulation with the human connectome. Brain, 147(3), 1100–1111. https://doi.org/10.1093/brain/awad894",,
"Coletta et al., 2024",Italy,612,612,Tumor,Awake craniotomy,FALSE,0,FALSE,0,0,0,FALSE,0,0,0,FALSE,0,0,FALSE,0,0,0,FALSE,0,0,0,0,0,FALSE,FALSE,0,0,0,FALSE,0,0,0,0,FALSE,0,0,0,0,0,TRUE,FALSE,0,0,0,0,0,1,FALSE,FALSE,0,0,0,0,0,FALSE,0,0,0,0,0,0,0,FALSE,0,"Fronto-temporo-parieto-occipital, subcortical areas","Mentalizing - <Functional responses related to mentalizing (i.e. understanding, and consequently predicting, mental and psychological states and behaviours) were assessed using a variant of the classical Reading the Mind in the Eyes Test, in which the patient is presented with a set of eyes and then asked to choose (from a list of two) the emotional state.>",sub-2048,mean: 38.1,372 M / 233 F,Mental 66,575 right / 37 left,60,1,1-4,mA,NA,Right,NA,Zenodo,MNI coordinates,32.00,22.00,27.00,"Coletta, L., Avesani, P., Zigiotto, L., Venturini, M., Annicchiarico, L., Vavassori, L., Ng, S., Duffau, H., & Sarubbo, S. (2024). Integrating direct electrical brain stimulation with the human connectome. Brain, 147(3), 1100–1111. https://doi.org/10.1093/brain/awad895",,
"Coletta et al., 2024",Italy,612,612,Tumor,Awake craniotomy,FALSE,0,FALSE,0,0,0,FALSE,0,0,0,FALSE,0,0,FALSE,0,0,0,FALSE,0,0,0,0,0,FALSE,FALSE,0,0,0,FALSE,0,0,0,0,FALSE,0,0,0,0,0,TRUE,FALSE,0,0,0,0,0,1,FALSE,FALSE,0,0,0,0,0,FALSE,0,0,0,0,0,0,0,FALSE,0,"Fronto-temporo-parieto-occipital, subcortical areas","Mentalizing - <Functional responses related to mentalizing (i.e. understanding, and consequently predicting, mental and psychological states and behaviours) were assessed using a variant of the classical Reading the Mind in the Eyes Test, in which the patient is presented with a set of eyes and then asked to choose (from a list of two) the emotional state.>",sub-2046,mean: 38.1,372 M / 233 F,Mental 67,575 right / 37 left,60,1,1-4,mA,NA,Right,NA,Zenodo,MNI coordinates,32.00,20.00,34.00,"Coletta, L., Avesani, P., Zigiotto, L., Venturini, M., Annicchiarico, L., Vavassori, L., Ng, S., Duffau, H., & Sarubbo, S. (2024). Integrating direct electrical brain stimulation with the human connectome. Brain, 147(3), 1100–1111. https://doi.org/10.1093/brain/awad896",,
"Coletta et al., 2024",Italy,612,612,Tumor,Awake craniotomy,FALSE,0,FALSE,0,0,0,FALSE,0,0,0,FALSE,0,0,FALSE,0,0,0,FALSE,0,0,0,0,0,FALSE,FALSE,0,0,0,FALSE,0,0,0,0,FALSE,0,0,0,0,0,TRUE,FALSE,0,0,0,0,0,1,FALSE,FALSE,0,0,0,0,0,FALSE,0,0,0,0,0,0,0,FALSE,0,"Fronto-temporo-parieto-occipital, subcortical areas","Mentalizing - <Functional responses related to mentalizing (i.e. understanding, and consequently predicting, mental and psychological states and behaviours) were assessed using a variant of the classical Reading the Mind in the Eyes Test, in which the patient is presented with a set of eyes and then asked to choose (from a list of two) the emotional state.>",sub-2049,mean: 38.1,372 M / 233 F,Mental 68,575 right / 37 left,60,1,1-4,mA,NA,Right,NA,Zenodo,MNI coordinates,51.00,16.00,1.00,"Coletta, L., Avesani, P., Zigiotto, L., Venturini, M., Annicchiarico, L., Vavassori, L., Ng, S., Duffau, H., & Sarubbo, S. (2024). Integrating direct electrical brain stimulation with the human connectome. Brain, 147(3), 1100–1111. https://doi.org/10.1093/brain/awad897",,
"Coletta et al., 2024",Italy,612,612,Tumor,Awake craniotomy,FALSE,0,FALSE,0,0,0,FALSE,0,0,0,FALSE,0,0,FALSE,0,0,0,FALSE,0,0,0,0,0,FALSE,FALSE,0,0,0,FALSE,0,0,0,0,FALSE,0,0,0,0,0,TRUE,FALSE,0,0,0,0,0,1,FALSE,FALSE,0,0,0,0,0,FALSE,0,0,0,0,0,0,0,FALSE,0,"Fronto-temporo-parieto-occipital, subcortical areas","Mentalizing - <Functional responses related to mentalizing (i.e. understanding, and consequently predicting, mental and psychological states and behaviours) were assessed using a variant of the classical Reading the Mind in the Eyes Test, in which the patient is presented with a set of eyes and then asked to choose (from a list of two) the emotional state.>",sub-2054,mean: 38.1,372 M / 233 F,Mental 69,575 right / 37 left,60,1,1-4,mA,NA,Right,NA,Zenodo,MNI coordinates,20.00,8.00,51.00,"Coletta, L., Avesani, P., Zigiotto, L., Venturini, M., Annicchiarico, L., Vavassori, L., Ng, S., Duffau, H., & Sarubbo, S. (2024). Integrating direct electrical brain stimulation with the human connectome. Brain, 147(3), 1100–1111. https://doi.org/10.1093/brain/awad898",,
"Coletta et al., 2024",Italy,612,612,Tumor,Awake craniotomy,FALSE,0,FALSE,0,0,0,FALSE,0,0,0,FALSE,0,0,FALSE,0,0,0,FALSE,0,0,0,0,0,FALSE,FALSE,0,0,0,FALSE,0,0,0,0,FALSE,0,0,0,0,0,TRUE,FALSE,0,0,0,0,0,1,FALSE,FALSE,0,0,0,0,0,FALSE,0,0,0,0,0,0,0,FALSE,0,"Fronto-temporo-parieto-occipital, subcortical areas","Mentalizing - <Functional responses related to mentalizing (i.e. understanding, and consequently predicting, mental and psychological states and behaviours) were assessed using a variant of the classical Reading the Mind in the Eyes Test, in which the patient is presented with a set of eyes and then asked to choose (from a list of two) the emotional state.>",sub-2050,mean: 38.1,372 M / 233 F,Mental 70,575 right / 37 left,60,1,1-4,mA,NA,Right,NA,Zenodo,MNI coordinates,16.00,15.00,59.00,"Coletta, L., Avesani, P., Zigiotto, L., Venturini, M., Annicchiarico, L., Vavassori, L., Ng, S., Duffau, H., & Sarubbo, S. (2024). Integrating direct electrical brain stimulation with the human connectome. Brain, 147(3), 1100–1111. https://doi.org/10.1093/brain/awad899",,
"Coletta et al., 2024",Italy,612,612,Tumor,Awake craniotomy,FALSE,0,FALSE,0,0,0,FALSE,0,0,0,FALSE,0,0,FALSE,0,0,0,FALSE,0,0,0,0,0,FALSE,FALSE,0,0,0,FALSE,0,0,0,0,FALSE,0,0,0,0,0,TRUE,FALSE,0,0,0,0,0,1,FALSE,FALSE,0,0,0,0,0,FALSE,0,0,0,0,0,0,0,FALSE,0,"Fronto-temporo-parieto-occipital, subcortical areas","Mentalizing - <Functional responses related to mentalizing (i.e. understanding, and consequently predicting, mental and psychological states and behaviours) were assessed using a variant of the classical Reading the Mind in the Eyes Test, in which the patient is presented with a set of eyes and then asked to choose (from a list of two) the emotional state.>",sub-2090,mean: 38.1,372 M / 233 F,Mental 71,575 right / 37 left,60,1,1-4,mA,NA,Right,NA,Zenodo,MNI coordinates,47.00,22.00,33.00,"Coletta, L., Avesani, P., Zigiotto, L., Venturini, M., Annicchiarico, L., Vavassori, L., Ng, S., Duffau, H., & Sarubbo, S. (2024). Integrating direct electrical brain stimulation with the human connectome. Brain, 147(3), 1100–1111. https://doi.org/10.1093/brain/awad900",,
"Coletta et al., 2024",Italy,612,612,Tumor,Awake craniotomy,FALSE,0,FALSE,0,0,0,FALSE,0,0,0,FALSE,0,0,FALSE,0,0,0,FALSE,0,0,0,0,0,FALSE,FALSE,0,0,0,FALSE,0,0,0,0,FALSE,0,0,0,0,0,TRUE,FALSE,0,0,0,0,0,1,FALSE,FALSE,0,0,0,0,0,FALSE,0,0,0,0,0,0,0,FALSE,0,"Fronto-temporo-parieto-occipital, subcortical areas","Mentalizing - <Functional responses related to mentalizing (i.e. understanding, and consequently predicting, mental and psychological states and behaviours) were assessed using a variant of the classical Reading the Mind in the Eyes Test, in which the patient is presented with a set of eyes and then asked to choose (from a list of two) the emotional state.>",sub-2090,mean: 38.1,372 M / 233 F,Mental 72,575 right / 37 left,60,1,1-4,mA,NA,Right,NA,Zenodo,MNI coordinates,29.00,27.00,25.00,"Coletta, L., Avesani, P., Zigiotto, L., Venturini, M., Annicchiarico, L., Vavassori, L., Ng, S., Duffau, H., & Sarubbo, S. (2024). Integrating direct electrical brain stimulation with the human connectome. Brain, 147(3), 1100–1111. https://doi.org/10.1093/brain/awad901",,
"Coletta et al., 2024",Italy,612,612,Tumor,Awake craniotomy,FALSE,0,FALSE,0,0,0,FALSE,0,0,0,FALSE,0,0,FALSE,0,0,0,FALSE,0,0,0,0,0,FALSE,FALSE,0,0,0,FALSE,0,0,0,0,FALSE,0,0,0,0,0,TRUE,FALSE,0,0,0,0,0,1,FALSE,FALSE,0,0,0,0,0,FALSE,0,0,0,0,0,0,0,FALSE,0,"Fronto-temporo-parieto-occipital, subcortical areas","Mentalizing - <Functional responses related to mentalizing (i.e. understanding, and consequently predicting, mental and psychological states and behaviours) were assessed using a variant of the classical Reading the Mind in the Eyes Test, in which the patient is presented with a set of eyes and then asked to choose (from a list of two) the emotional state.>",sub-2051,mean: 38.1,372 M / 233 F,Mental 73,575 right / 37 left,60,1,1-4,mA,NA,Right,NA,Zenodo,MNI coordinates,22.00,29.00,0.00,"Coletta, L., Avesani, P., Zigiotto, L., Venturini, M., Annicchiarico, L., Vavassori, L., Ng, S., Duffau, H., & Sarubbo, S. (2024). Integrating direct electrical brain stimulation with the human connectome. Brain, 147(3), 1100–1111. https://doi.org/10.1093/brain/awad902",,
"Coletta et al., 2024",Italy,612,612,Tumor,Awake craniotomy,FALSE,0,FALSE,0,0,0,FALSE,0,0,0,FALSE,0,0,FALSE,0,0,0,FALSE,0,0,0,0,0,FALSE,FALSE,0,0,0,FALSE,0,0,0,0,FALSE,0,0,0,0,0,TRUE,FALSE,0,0,0,0,0,1,FALSE,FALSE,0,0,0,0,0,FALSE,0,0,0,0,0,0,0,FALSE,0,"Fronto-temporo-parieto-occipital, subcortical areas","Mentalizing - <Functional responses related to mentalizing (i.e. understanding, and consequently predicting, mental and psychological states and behaviours) were assessed using a variant of the classical Reading the Mind in the Eyes Test, in which the patient is presented with a set of eyes and then asked to choose (from a list of two) the emotional state.>",sub-2044,mean: 38.1,372 M / 233 F,Mental 74,575 right / 37 left,60,1,1-4,mA,NA,Right,NA,Zenodo,MNI coordinates,16.00,12.00,27.00,"Coletta, L., Avesani, P., Zigiotto, L., Venturini, M., Annicchiarico, L., Vavassori, L., Ng, S., Duffau, H., & Sarubbo, S. (2024). Integrating direct electrical brain stimulation with the human connectome. Brain, 147(3), 1100–1111. https://doi.org/10.1093/brain/awad903",,
"Coletta et al., 2024",Italy,612,612,Tumor,Awake craniotomy,FALSE,0,FALSE,0,0,0,FALSE,0,0,0,FALSE,0,0,FALSE,0,0,0,FALSE,0,0,0,0,0,FALSE,FALSE,0,0,0,FALSE,0,0,0,0,FALSE,0,0,0,0,0,TRUE,FALSE,0,0,0,0,0,1,FALSE,FALSE,0,0,0,0,0,FALSE,0,0,0,0,0,0,0,FALSE,0,"Fronto-temporo-parieto-occipital, subcortical areas","Mentalizing - <Functional responses related to mentalizing (i.e. understanding, and consequently predicting, mental and psychological states and behaviours) were assessed using a variant of the classical Reading the Mind in the Eyes Test, in which the patient is presented with a set of eyes and then asked to choose (from a list of two) the emotional state.>",sub-3005,mean: 38.1,372 M / 233 F,Mental 75,575 right / 37 left,60,1,1-4,mA,NA,Right,NA,Zenodo,MNI coordinates,29.00,18.00,-5.00,"Coletta, L., Avesani, P., Zigiotto, L., Venturini, M., Annicchiarico, L., Vavassori, L., Ng, S., Duffau, H., & Sarubbo, S. (2024). Integrating direct electrical brain stimulation with the human connectome. Brain, 147(3), 1100–1111. https://doi.org/10.1093/brain/awad904",,
"Coletta et al., 2024",Italy,612,612,Tumor,Awake craniotomy,FALSE,0,FALSE,0,0,0,FALSE,0,0,0,FALSE,0,0,FALSE,0,0,0,FALSE,0,0,0,0,0,FALSE,FALSE,0,0,0,FALSE,0,0,0,0,FALSE,0,0,0,0,0,TRUE,FALSE,0,0,0,0,0,1,FALSE,FALSE,0,0,0,0,0,FALSE,0,0,0,0,0,0,0,FALSE,0,"Fronto-temporo-parieto-occipital, subcortical areas","Mentalizing - <Functional responses related to mentalizing (i.e. understanding, and consequently predicting, mental and psychological states and behaviours) were assessed using a variant of the classical Reading the Mind in the Eyes Test, in which the patient is presented with a set of eyes and then asked to choose (from a list of two) the emotional state.>",sub-3008,mean: 38.1,372 M / 233 F,Mental 76,575 right / 37 left,60,1,1-4,mA,NA,Right,NA,Zenodo,MNI coordinates,27.00,18.00,-8.00,"Coletta, L., Avesani, P., Zigiotto, L., Venturini, M., Annicchiarico, L., Vavassori, L., Ng, S., Duffau, H., & Sarubbo, S. (2024). Integrating direct electrical brain stimulation with the human connectome. Brain, 147(3), 1100–1111. https://doi.org/10.1093/brain/awad905",,
"Coletta et al., 2024",Italy,612,612,Tumor,Awake craniotomy,FALSE,0,FALSE,0,0,0,FALSE,0,0,0,FALSE,0,0,FALSE,0,0,0,FALSE,0,0,0,0,0,FALSE,FALSE,0,0,0,FALSE,0,0,0,0,FALSE,0,0,0,0,0,TRUE,FALSE,0,0,0,0,0,1,FALSE,FALSE,0,0,0,0,0,FALSE,0,0,0,0,0,0,0,FALSE,0,"Fronto-temporo-parieto-occipital, subcortical areas","Mentalizing - <Functional responses related to mentalizing (i.e. understanding, and consequently predicting, mental and psychological states and behaviours) were assessed using a variant of the classical Reading the Mind in the Eyes Test, in which the patient is presented with a set of eyes and then asked to choose (from a list of two) the emotional state.>",sub-3022,mean: 38.1,372 M / 233 F,Mental 77,575 right / 37 left,60,1,1-4,mA,NA,Right,NA,Zenodo,MNI coordinates,21.00,48.00,5.00,"Coletta, L., Avesani, P., Zigiotto, L., Venturini, M., Annicchiarico, L., Vavassori, L., Ng, S., Duffau, H., & Sarubbo, S. (2024). Integrating direct electrical brain stimulation with the human connectome. Brain, 147(3), 1100–1111. https://doi.org/10.1093/brain/awad906",,
"Coletta et al., 2024",Italy,612,612,Tumor,Awake craniotomy,FALSE,0,FALSE,0,0,0,FALSE,0,0,0,FALSE,0,0,FALSE,0,0,0,FALSE,0,0,0,0,0,FALSE,FALSE,0,0,0,FALSE,0,0,0,0,FALSE,0,0,0,0,0,TRUE,FALSE,0,0,0,0,0,1,FALSE,FALSE,0,0,0,0,0,FALSE,0,0,0,0,0,0,0,FALSE,0,"Fronto-temporo-parieto-occipital, subcortical areas","Mentalizing - <Functional responses related to mentalizing (i.e. understanding, and consequently predicting, mental and psychological states and behaviours) were assessed using a variant of the classical Reading the Mind in the Eyes Test, in which the patient is presented with a set of eyes and then asked to choose (from a list of two) the emotional state.>",sub-3234,mean: 38.1,372 M / 233 F,Mental 78,575 right / 37 left,60,1,1-4,mA,NA,Right,NA,Zenodo,MNI coordinates,24.00,5.00,38.00,"Coletta, L., Avesani, P., Zigiotto, L., Venturini, M., Annicchiarico, L., Vavassori, L., Ng, S., Duffau, H., & Sarubbo, S. (2024). Integrating direct electrical brain stimulation with the human connectome. Brain, 147(3), 1100–1111. https://doi.org/10.1093/brain/awad907",,
"Coletta et al., 2024",Italy,612,612,Tumor,Awake craniotomy,FALSE,0,FALSE,0,0,0,FALSE,0,0,0,FALSE,0,0,FALSE,0,0,0,FALSE,0,0,0,0,0,FALSE,FALSE,0,0,0,FALSE,0,0,0,0,FALSE,0,0,0,0,0,TRUE,FALSE,0,0,0,0,0,1,FALSE,FALSE,0,0,0,0,0,FALSE,0,0,0,0,0,0,0,FALSE,0,"Fronto-temporo-parieto-occipital, subcortical areas","Mentalizing - <Functional responses related to mentalizing (i.e. understanding, and consequently predicting, mental and psychological states and behaviours) were assessed using a variant of the classical Reading the Mind in the Eyes Test, in which the patient is presented with a set of eyes and then asked to choose (from a list of two) the emotional state.>",sub-3030,mean: 38.1,372 M / 233 F,Mental 79,575 right / 37 left,60,1,1-4,mA,NA,Right,NA,Zenodo,MNI coordinates,37.00,22.00,30.00,"Coletta, L., Avesani, P., Zigiotto, L., Venturini, M., Annicchiarico, L., Vavassori, L., Ng, S., Duffau, H., & Sarubbo, S. (2024). Integrating direct electrical brain stimulation with the human connectome. Brain, 147(3), 1100–1111. https://doi.org/10.1093/brain/awad908",,
"Coletta et al., 2024",Italy,612,612,Tumor,Awake craniotomy,FALSE,0,FALSE,0,0,0,FALSE,0,0,0,FALSE,0,0,FALSE,0,0,0,FALSE,0,0,0,0,0,FALSE,FALSE,0,0,0,FALSE,0,0,0,0,FALSE,0,0,0,0,0,TRUE,FALSE,0,0,0,0,0,1,FALSE,FALSE,0,0,0,0,0,FALSE,0,0,0,0,0,0,0,FALSE,0,"Fronto-temporo-parieto-occipital, subcortical areas","Mentalizing - <Functional responses related to mentalizing (i.e. understanding, and consequently predicting, mental and psychological states and behaviours) were assessed using a variant of the classical Reading the Mind in the Eyes Test, in which the patient is presented with a set of eyes and then asked to choose (from a list of two) the emotional state.>",sub-3030,mean: 38.1,372 M / 233 F,Mental 80,575 right / 37 left,60,1,1-4,mA,NA,Right,NA,Zenodo,MNI coordinates,36.00,33.00,29.00,"Coletta, L., Avesani, P., Zigiotto, L., Venturini, M., Annicchiarico, L., Vavassori, L., Ng, S., Duffau, H., & Sarubbo, S. (2024). Integrating direct electrical brain stimulation with the human connectome. Brain, 147(3), 1100–1111. https://doi.org/10.1093/brain/awad909",,
"Coletta et al., 2024",Italy,612,612,Tumor,Awake craniotomy,FALSE,0,FALSE,0,0,0,FALSE,0,0,0,FALSE,0,0,FALSE,0,0,0,FALSE,0,0,0,0,0,FALSE,FALSE,0,0,0,FALSE,0,0,0,0,FALSE,0,0,0,0,0,TRUE,FALSE,0,0,0,0,0,1,FALSE,FALSE,0,0,0,0,0,FALSE,0,0,0,0,0,0,0,FALSE,0,"Fronto-temporo-parieto-occipital, subcortical areas","Mentalizing - <Functional responses related to mentalizing (i.e. understanding, and consequently predicting, mental and psychological states and behaviours) were assessed using a variant of the classical Reading the Mind in the Eyes Test, in which the patient is presented with a set of eyes and then asked to choose (from a list of two) the emotional state.>",sub-3235,mean: 38.1,372 M / 233 F,Mental 81,575 right / 37 left,60,1,1-4,mA,NA,Left,NA,Zenodo,MNI coordinates,-53.00,-45.00,-4.00,"Coletta, L., Avesani, P., Zigiotto, L., Venturini, M., Annicchiarico, L., Vavassori, L., Ng, S., Duffau, H., & Sarubbo, S. (2024). Integrating direct electrical brain stimulation with the human connectome. Brain, 147(3), 1100–1111. https://doi.org/10.1093/brain/awad910",,
"Coletta et al., 2024",Italy,612,612,Tumor,Awake craniotomy,FALSE,0,FALSE,0,0,0,FALSE,0,0,0,FALSE,0,0,FALSE,0,0,0,FALSE,0,0,0,0,0,FALSE,FALSE,0,0,0,FALSE,0,0,0,0,FALSE,0,0,0,0,0,TRUE,FALSE,0,0,0,0,0,1,FALSE,FALSE,0,0,0,0,0,FALSE,0,0,0,0,0,0,0,FALSE,0,"Fronto-temporo-parieto-occipital, subcortical areas","Mentalizing - <Functional responses related to mentalizing (i.e. understanding, and consequently predicting, mental and psychological states and behaviours) were assessed using a variant of the classical Reading the Mind in the Eyes Test, in which the patient is presented with a set of eyes and then asked to choose (from a list of two) the emotional state.>",sub-3043,mean: 38.1,372 M / 233 F,Mental 82,575 right / 37 left,60,1,1-4,mA,NA,Right,NA,Zenodo,MNI coordinates,22.00,12.00,35.00,"Coletta, L., Avesani, P., Zigiotto, L., Venturini, M., Annicchiarico, L., Vavassori, L., Ng, S., Duffau, H., & Sarubbo, S. (2024). Integrating direct electrical brain stimulation with the human connectome. Brain, 147(3), 1100–1111. https://doi.org/10.1093/brain/awad911",,
"Coletta et al., 2024",Italy,612,612,Tumor,Awake craniotomy,FALSE,0,FALSE,0,0,0,FALSE,0,0,0,FALSE,0,0,FALSE,0,0,0,FALSE,0,0,0,0,0,FALSE,FALSE,0,0,0,FALSE,0,0,0,0,FALSE,0,0,0,0,0,TRUE,FALSE,0,0,0,0,0,1,FALSE,FALSE,0,0,0,0,0,FALSE,0,0,0,0,0,0,0,FALSE,0,"Fronto-temporo-parieto-occipital, subcortical areas","Mentalizing - <Functional responses related to mentalizing (i.e. understanding, and consequently predicting, mental and psychological states and behaviours) were assessed using a variant of the classical Reading the Mind in the Eyes Test, in which the patient is presented with a set of eyes and then asked to choose (from a list of two) the emotional state.>",sub-3045,mean: 38.1,372 M / 233 F,Mental 83,575 right / 37 left,60,1,1-4,mA,NA,Right,NA,Zenodo,MNI coordinates,36.00,-5.00,-8.00,"Coletta, L., Avesani, P., Zigiotto, L., Venturini, M., Annicchiarico, L., Vavassori, L., Ng, S., Duffau, H., & Sarubbo, S. (2024). Integrating direct electrical brain stimulation with the human connectome. Brain, 147(3), 1100–1111. https://doi.org/10.1093/brain/awad912",,
"Coletta et al., 2024",Italy,612,612,Tumor,Awake craniotomy,FALSE,0,FALSE,0,0,0,FALSE,0,0,0,FALSE,0,0,FALSE,0,0,0,FALSE,0,0,0,0,0,FALSE,FALSE,0,0,0,FALSE,0,0,0,0,FALSE,0,0,0,0,0,TRUE,FALSE,0,0,0,0,0,1,FALSE,FALSE,0,0,0,0,0,FALSE,0,0,0,0,0,0,0,FALSE,0,"Fronto-temporo-parieto-occipital, subcortical areas","Mentalizing - <Functional responses related to mentalizing (i.e. understanding, and consequently predicting, mental and psychological states and behaviours) were assessed using a variant of the classical Reading the Mind in the Eyes Test, in which the patient is presented with a set of eyes and then asked to choose (from a list of two) the emotional state.>",sub-3046,mean: 38.1,372 M / 233 F,Mental 84,575 right / 37 left,60,1,1-4,mA,NA,Right,NA,Zenodo,MNI coordinates,32.00,-19.00,-13.00,"Coletta, L., Avesani, P., Zigiotto, L., Venturini, M., Annicchiarico, L., Vavassori, L., Ng, S., Duffau, H., & Sarubbo, S. (2024). Integrating direct electrical brain stimulation with the human connectome. Brain, 147(3), 1100–1111. https://doi.org/10.1093/brain/awad913",,
"Coletta et al., 2024",Italy,612,612,Tumor,Awake craniotomy,FALSE,0,FALSE,0,0,0,FALSE,0,0,0,FALSE,0,0,FALSE,0,0,0,FALSE,0,0,0,0,0,FALSE,FALSE,0,0,0,FALSE,0,0,0,0,FALSE,0,0,0,0,0,TRUE,FALSE,0,0,0,0,0,1,FALSE,FALSE,0,0,0,0,0,FALSE,0,0,0,0,0,0,0,FALSE,0,"Fronto-temporo-parieto-occipital, subcortical areas","Mentalizing - <Functional responses related to mentalizing (i.e. understanding, and consequently predicting, mental and psychological states and behaviours) were assessed using a variant of the classical Reading the Mind in the Eyes Test, in which the patient is presented with a set of eyes and then asked to choose (from a list of two) the emotional state.>",sub-3053,mean: 38.1,372 M / 233 F,Mental 85,575 right / 37 left,60,1,1-4,mA,NA,Left,NA,Zenodo,MNI coordinates,-42.00,-9.00,-25.00,"Coletta, L., Avesani, P., Zigiotto, L., Venturini, M., Annicchiarico, L., Vavassori, L., Ng, S., Duffau, H., & Sarubbo, S. (2024). Integrating direct electrical brain stimulation with the human connectome. Brain, 147(3), 1100–1111. https://doi.org/10.1093/brain/awad914",,
"Coletta et al., 2024",Italy,612,612,Tumor,Awake craniotomy,FALSE,0,FALSE,0,0,0,FALSE,0,0,0,FALSE,0,0,FALSE,0,0,0,FALSE,0,0,0,0,0,FALSE,FALSE,0,0,0,FALSE,0,0,0,0,FALSE,0,0,0,0,0,TRUE,FALSE,0,0,0,0,0,1,FALSE,FALSE,0,0,0,0,0,FALSE,0,0,0,0,0,0,0,FALSE,0,"Fronto-temporo-parieto-occipital, subcortical areas","Mentalizing - <Functional responses related to mentalizing (i.e. understanding, and consequently predicting, mental and psychological states and behaviours) were assessed using a variant of the classical Reading the Mind in the Eyes Test, in which the patient is presented with a set of eyes and then asked to choose (from a list of two) the emotional state.>",sub-3053,mean: 38.1,372 M / 233 F,Mental 86,575 right / 37 left,60,1,1-4,mA,NA,Left,NA,Zenodo,MNI coordinates,-28.00,20.00,14.00,"Coletta, L., Avesani, P., Zigiotto, L., Venturini, M., Annicchiarico, L., Vavassori, L., Ng, S., Duffau, H., & Sarubbo, S. (2024). Integrating direct electrical brain stimulation with the human connectome. Brain, 147(3), 1100–1111. https://doi.org/10.1093/brain/awad915",,
"Coletta et al., 2024",Italy,612,612,Tumor,Awake craniotomy,FALSE,0,FALSE,0,0,0,FALSE,0,0,0,FALSE,0,0,FALSE,0,0,0,FALSE,0,0,0,0,0,FALSE,FALSE,0,0,0,FALSE,0,0,0,0,FALSE,0,0,0,0,0,TRUE,FALSE,0,0,0,0,0,1,FALSE,FALSE,0,0,0,0,0,FALSE,0,0,0,0,0,0,0,FALSE,0,"Fronto-temporo-parieto-occipital, subcortical areas","Mentalizing - <Functional responses related to mentalizing (i.e. understanding, and consequently predicting, mental and psychological states and behaviours) were assessed using a variant of the classical Reading the Mind in the Eyes Test, in which the patient is presented with a set of eyes and then asked to choose (from a list of two) the emotional state.>",sub-3054,mean: 38.1,372 M / 233 F,Mental 87,575 right / 37 left,60,1,1-4,mA,NA,Right,NA,Zenodo,MNI coordinates,43.00,-6.00,-17.00,"Coletta, L., Avesani, P., Zigiotto, L., Venturini, M., Annicchiarico, L., Vavassori, L., Ng, S., Duffau, H., & Sarubbo, S. (2024). Integrating direct electrical brain stimulation with the human connectome. Brain, 147(3), 1100–1111. https://doi.org/10.1093/brain/awad916",,
"Coletta et al., 2024",Italy,612,612,Tumor,Awake craniotomy,FALSE,0,FALSE,0,0,0,FALSE,0,0,0,FALSE,0,0,FALSE,0,0,0,FALSE,0,0,0,0,0,FALSE,FALSE,0,0,0,FALSE,0,0,0,0,FALSE,0,0,0,0,0,TRUE,FALSE,0,0,0,0,0,1,FALSE,FALSE,0,0,0,0,0,FALSE,0,0,0,0,0,0,0,FALSE,0,"Fronto-temporo-parieto-occipital, subcortical areas","Mentalizing - <Functional responses related to mentalizing (i.e. understanding, and consequently predicting, mental and psychological states and behaviours) were assessed using a variant of the classical Reading the Mind in the Eyes Test, in which the patient is presented with a set of eyes and then asked to choose (from a list of two) the emotional state.>",sub-3054,mean: 38.1,372 M / 233 F,Mental 88,575 right / 37 left,60,1,1-4,mA,NA,Right,NA,Zenodo,MNI coordinates,29.00,26.00,-8.00,"Coletta, L., Avesani, P., Zigiotto, L., Venturini, M., Annicchiarico, L., Vavassori, L., Ng, S., Duffau, H., & Sarubbo, S. (2024). Integrating direct electrical brain stimulation with the human connectome. Brain, 147(3), 1100–1111. https://doi.org/10.1093/brain/awad917",,
"Coletta et al., 2024",Italy,612,612,Tumor,Awake craniotomy,FALSE,0,FALSE,0,0,0,FALSE,0,0,0,FALSE,0,0,FALSE,0,0,0,FALSE,0,0,0,0,0,FALSE,FALSE,0,0,0,FALSE,0,0,0,0,FALSE,0,0,0,0,0,TRUE,FALSE,0,0,0,0,0,1,FALSE,FALSE,0,0,0,0,0,FALSE,0,0,0,0,0,0,0,FALSE,0,"Fronto-temporo-parieto-occipital, subcortical areas","Mentalizing - <Functional responses related to mentalizing (i.e. understanding, and consequently predicting, mental and psychological states and behaviours) were assessed using a variant of the classical Reading the Mind in the Eyes Test, in which the patient is presented with a set of eyes and then asked to choose (from a list of two) the emotional state.>",sub-3055,mean: 38.1,372 M / 233 F,Mental 89,575 right / 37 left,60,1,1-4,mA,NA,Right,NA,Zenodo,MNI coordinates,41.00,-53.00,17.00,"Coletta, L., Avesani, P., Zigiotto, L., Venturini, M., Annicchiarico, L., Vavassori, L., Ng, S., Duffau, H., & Sarubbo, S. (2024). Integrating direct electrical brain stimulation with the human connectome. Brain, 147(3), 1100–1111. https://doi.org/10.1093/brain/awad918",,
"Coletta et al., 2024",Italy,612,612,Tumor,Awake craniotomy,FALSE,0,FALSE,0,0,0,FALSE,0,0,0,FALSE,0,0,FALSE,0,0,0,FALSE,0,0,0,0,0,FALSE,FALSE,0,0,0,FALSE,0,0,0,0,FALSE,0,0,0,0,0,TRUE,FALSE,0,0,0,0,0,1,FALSE,FALSE,0,0,0,0,0,FALSE,0,0,0,0,0,0,0,FALSE,0,"Fronto-temporo-parieto-occipital, subcortical areas","Mentalizing - <Functional responses related to mentalizing (i.e. understanding, and consequently predicting, mental and psychological states and behaviours) were assessed using a variant of the classical Reading the Mind in the Eyes Test, in which the patient is presented with a set of eyes and then asked to choose (from a list of two) the emotional state.>",sub-3055,mean: 38.1,372 M / 233 F,Mental 90,575 right / 37 left,60,1,1-4,mA,NA,Right,NA,Zenodo,MNI coordinates,43.00,-58.00,20.00,"Coletta, L., Avesani, P., Zigiotto, L., Venturini, M., Annicchiarico, L., Vavassori, L., Ng, S., Duffau, H., & Sarubbo, S. (2024). Integrating direct electrical brain stimulation with the human connectome. Brain, 147(3), 1100–1111. https://doi.org/10.1093/brain/awad919",,
"Coletta et al., 2024",Italy,612,612,Tumor,Awake craniotomy,FALSE,0,FALSE,0,0,0,FALSE,0,0,0,FALSE,0,0,FALSE,0,0,0,FALSE,0,0,0,0,0,FALSE,FALSE,0,0,0,FALSE,0,0,0,0,FALSE,0,0,0,0,0,TRUE,FALSE,0,0,0,0,0,1,FALSE,FALSE,0,0,0,0,0,FALSE,0,0,0,0,0,0,0,FALSE,0,"Fronto-temporo-parieto-occipital, subcortical areas","Mentalizing - <Functional responses related to mentalizing (i.e. understanding, and consequently predicting, mental and psychological states and behaviours) were assessed using a variant of the classical Reading the Mind in the Eyes Test, in which the patient is presented with a set of eyes and then asked to choose (from a list of two) the emotional state.>",sub-3057,mean: 38.1,372 M / 233 F,Mental 91,575 right / 37 left,60,1,1-4,mA,NA,Right,NA,Zenodo,MNI coordinates,47.00,-10.00,-7.00,"Coletta, L., Avesani, P., Zigiotto, L., Venturini, M., Annicchiarico, L., Vavassori, L., Ng, S., Duffau, H., & Sarubbo, S. (2024). Integrating direct electrical brain stimulation with the human connectome. Brain, 147(3), 1100–1111. https://doi.org/10.1093/brain/awad920",,
"Coletta et al., 2024",Italy,612,612,Tumor,Awake craniotomy,FALSE,0,FALSE,0,0,0,FALSE,0,0,0,FALSE,0,0,FALSE,0,0,0,FALSE,0,0,0,0,0,FALSE,FALSE,0,0,0,FALSE,0,0,0,0,FALSE,0,0,0,0,0,TRUE,FALSE,0,0,0,0,0,1,FALSE,FALSE,0,0,0,0,0,FALSE,0,0,0,0,0,0,0,FALSE,0,"Fronto-temporo-parieto-occipital, subcortical areas","Mentalizing - <Functional responses related to mentalizing (i.e. understanding, and consequently predicting, mental and psychological states and behaviours) were assessed using a variant of the classical Reading the Mind in the Eyes Test, in which the patient is presented with a set of eyes and then asked to choose (from a list of two) the emotional state.>",sub-3057,mean: 38.1,372 M / 233 F,Mental 92,575 right / 37 left,60,1,1-4,mA,NA,Right,NA,Zenodo,MNI coordinates,42.00,-25.00,-2.00,"Coletta, L., Avesani, P., Zigiotto, L., Venturini, M., Annicchiarico, L., Vavassori, L., Ng, S., Duffau, H., & Sarubbo, S. (2024). Integrating direct electrical brain stimulation with the human connectome. Brain, 147(3), 1100–1111. https://doi.org/10.1093/brain/awad921",,
"Coletta et al., 2024",Italy,612,612,Tumor,Awake craniotomy,FALSE,0,FALSE,0,0,0,FALSE,0,0,0,FALSE,0,0,FALSE,0,0,0,FALSE,0,0,0,0,0,FALSE,FALSE,0,0,0,FALSE,0,0,0,0,FALSE,0,0,0,0,0,TRUE,FALSE,0,0,0,0,0,1,FALSE,FALSE,0,0,0,0,0,FALSE,0,0,0,0,0,0,0,FALSE,0,"Fronto-temporo-parieto-occipital, subcortical areas","Mentalizing - <Functional responses related to mentalizing (i.e. understanding, and consequently predicting, mental and psychological states and behaviours) were assessed using a variant of the classical Reading the Mind in the Eyes Test, in which the patient is presented with a set of eyes and then asked to choose (from a list of two) the emotional state.>",sub-3300,mean: 38.1,372 M / 233 F,Mental 93,575 right / 37 left,60,1,1-4,mA,NA,Right,NA,Zenodo,MNI coordinates,16.00,32.00,25.00,"Coletta, L., Avesani, P., Zigiotto, L., Venturini, M., Annicchiarico, L., Vavassori, L., Ng, S., Duffau, H., & Sarubbo, S. (2024). Integrating direct electrical brain stimulation with the human connectome. Brain, 147(3), 1100–1111. https://doi.org/10.1093/brain/awad922",,
"Coletta et al., 2024",Italy,612,612,Tumor,Awake craniotomy,FALSE,0,FALSE,0,0,0,FALSE,0,0,0,FALSE,0,0,FALSE,0,0,0,FALSE,0,0,0,0,0,FALSE,FALSE,0,0,0,FALSE,0,0,0,0,FALSE,0,0,0,0,0,TRUE,FALSE,0,0,0,0,0,1,FALSE,FALSE,0,0,0,0,0,FALSE,0,0,0,0,0,0,0,FALSE,0,"Fronto-temporo-parieto-occipital, subcortical areas","Mentalizing - <Functional responses related to mentalizing (i.e. understanding, and consequently predicting, mental and psychological states and behaviours) were assessed using a variant of the classical Reading the Mind in the Eyes Test, in which the patient is presented with a set of eyes and then asked to choose (from a list of two) the emotional state.>",sub-3074,mean: 38.1,372 M / 233 F,Mental 94,575 right / 37 left,60,1,1-4,mA,NA,Right,NA,Zenodo,MNI coordinates,29.00,25.00,10.00,"Coletta, L., Avesani, P., Zigiotto, L., Venturini, M., Annicchiarico, L., Vavassori, L., Ng, S., Duffau, H., & Sarubbo, S. (2024). Integrating direct electrical brain stimulation with the human connectome. Brain, 147(3), 1100–1111. https://doi.org/10.1093/brain/awad923",,
"Coletta et al., 2024",Italy,612,612,Tumor,Awake craniotomy,FALSE,0,FALSE,0,0,0,FALSE,0,0,0,FALSE,0,0,FALSE,0,0,0,FALSE,0,0,0,0,0,FALSE,FALSE,0,0,0,FALSE,0,0,0,0,FALSE,0,0,0,0,0,TRUE,FALSE,0,0,0,0,0,1,FALSE,FALSE,0,0,0,0,0,FALSE,0,0,0,0,0,0,0,FALSE,0,"Fronto-temporo-parieto-occipital, subcortical areas","Mentalizing - <Functional responses related to mentalizing (i.e. understanding, and consequently predicting, mental and psychological states and behaviours) were assessed using a variant of the classical Reading the Mind in the Eyes Test, in which the patient is presented with a set of eyes and then asked to choose (from a list of two) the emotional state.>",sub-3086,mean: 38.1,372 M / 233 F,Mental 95,575 right / 37 left,60,1,1-4,mA,NA,Right,NA,Zenodo,MNI coordinates,38.00,-3.00,-16.00,"Coletta, L., Avesani, P., Zigiotto, L., Venturini, M., Annicchiarico, L., Vavassori, L., Ng, S., Duffau, H., & Sarubbo, S. (2024). Integrating direct electrical brain stimulation with the human connectome. Brain, 147(3), 1100–1111. https://doi.org/10.1093/brain/awad924",,
"Coletta et al., 2024",Italy,612,612,Tumor,Awake craniotomy,FALSE,0,FALSE,0,0,0,FALSE,0,0,0,FALSE,0,0,FALSE,0,0,0,FALSE,0,0,0,0,0,FALSE,FALSE,0,0,0,FALSE,0,0,0,0,FALSE,0,0,0,0,0,TRUE,FALSE,0,0,0,0,0,1,FALSE,FALSE,0,0,0,0,0,FALSE,0,0,0,0,0,0,0,FALSE,0,"Fronto-temporo-parieto-occipital, subcortical areas","Mentalizing - <Functional responses related to mentalizing (i.e. understanding, and consequently predicting, mental and psychological states and behaviours) were assessed using a variant of the classical Reading the Mind in the Eyes Test, in which the patient is presented with a set of eyes and then asked to choose (from a list of two) the emotional state.>",sub-3087,mean: 38.1,372 M / 233 F,Mental 96,575 right / 37 left,60,1,1-4,mA,NA,Right,NA,Zenodo,MNI coordinates,37.00,-3.00,7.00,"Coletta, L., Avesani, P., Zigiotto, L., Venturini, M., Annicchiarico, L., Vavassori, L., Ng, S., Duffau, H., & Sarubbo, S. (2024). Integrating direct electrical brain stimulation with the human connectome. Brain, 147(3), 1100–1111. https://doi.org/10.1093/brain/awad925",,
"Coletta et al., 2024",Italy,612,612,Tumor,Awake craniotomy,FALSE,0,FALSE,0,0,0,FALSE,0,0,0,FALSE,0,0,FALSE,0,0,0,FALSE,0,0,0,0,0,FALSE,FALSE,0,0,0,FALSE,0,0,0,0,FALSE,0,0,0,0,0,TRUE,FALSE,0,0,0,0,0,1,FALSE,FALSE,0,0,0,0,0,FALSE,0,0,0,0,0,0,0,FALSE,0,"Fronto-temporo-parieto-occipital, subcortical areas","Mentalizing - <Functional responses related to mentalizing (i.e. understanding, and consequently predicting, mental and psychological states and behaviours) were assessed using a variant of the classical Reading the Mind in the Eyes Test, in which the patient is presented with a set of eyes and then asked to choose (from a list of two) the emotional state.>",sub-3095,mean: 38.1,372 M / 233 F,Mental 97,575 right / 37 left,60,1,1-4,mA,NA,Right,NA,Zenodo,MNI coordinates,41.00,-7.00,-21.00,"Coletta, L., Avesani, P., Zigiotto, L., Venturini, M., Annicchiarico, L., Vavassori, L., Ng, S., Duffau, H., & Sarubbo, S. (2024). Integrating direct electrical brain stimulation with the human connectome. Brain, 147(3), 1100–1111. https://doi.org/10.1093/brain/awad926",,
"Coletta et al., 2024",Italy,612,612,Tumor,Awake craniotomy,FALSE,0,FALSE,0,0,0,FALSE,0,0,0,FALSE,0,0,FALSE,0,0,0,FALSE,0,0,0,0,0,FALSE,FALSE,0,0,0,FALSE,0,0,0,0,FALSE,0,0,0,0,0,TRUE,FALSE,0,0,0,0,0,1,FALSE,FALSE,0,0,0,0,0,FALSE,0,0,0,0,0,0,0,FALSE,0,"Fronto-temporo-parieto-occipital, subcortical areas","Mentalizing - <Functional responses related to mentalizing (i.e. understanding, and consequently predicting, mental and psychological states and behaviours) were assessed using a variant of the classical Reading the Mind in the Eyes Test, in which the patient is presented with a set of eyes and then asked to choose (from a list of two) the emotional state.>",sub-3097,mean: 38.1,372 M / 233 F,Mental 98,575 right / 37 left,60,1,1-4,mA,NA,Right,NA,Zenodo,MNI coordinates,38.00,-20.00,-14.00,"Coletta, L., Avesani, P., Zigiotto, L., Venturini, M., Annicchiarico, L., Vavassori, L., Ng, S., Duffau, H., & Sarubbo, S. (2024). Integrating direct electrical brain stimulation with the human connectome. Brain, 147(3), 1100–1111. https://doi.org/10.1093/brain/awad927",,
"Coletta et al., 2024",Italy,612,612,Tumor,Awake craniotomy,FALSE,0,FALSE,0,0,0,FALSE,0,0,0,FALSE,0,0,FALSE,0,0,0,FALSE,0,0,0,0,0,FALSE,FALSE,0,0,0,FALSE,0,0,0,0,FALSE,0,0,0,0,0,TRUE,FALSE,0,0,0,0,0,1,FALSE,FALSE,0,0,0,0,0,FALSE,0,0,0,0,0,0,0,FALSE,0,"Fronto-temporo-parieto-occipital, subcortical areas","Mentalizing - <Functional responses related to mentalizing (i.e. understanding, and consequently predicting, mental and psychological states and behaviours) were assessed using a variant of the classical Reading the Mind in the Eyes Test, in which the patient is presented with a set of eyes and then asked to choose (from a list of two) the emotional state.>",sub-3105,mean: 38.1,372 M / 233 F,Mental 99,575 right / 37 left,60,1,1-4,mA,NA,Right,NA,Zenodo,MNI coordinates,23.00,11.00,42.00,"Coletta, L., Avesani, P., Zigiotto, L., Venturini, M., Annicchiarico, L., Vavassori, L., Ng, S., Duffau, H., & Sarubbo, S. (2024). Integrating direct electrical brain stimulation with the human connectome. Brain, 147(3), 1100–1111. https://doi.org/10.1093/brain/awad928",,
"Coletta et al., 2024",Italy,612,612,Tumor,Awake craniotomy,FALSE,0,FALSE,0,0,0,FALSE,0,0,0,FALSE,0,0,FALSE,0,0,0,FALSE,0,0,0,0,0,FALSE,FALSE,0,0,0,FALSE,0,0,0,0,FALSE,0,0,0,0,0,TRUE,FALSE,0,0,0,0,0,1,FALSE,FALSE,0,0,0,0,0,FALSE,0,0,0,0,0,0,0,FALSE,0,"Fronto-temporo-parieto-occipital, subcortical areas","Mentalizing - <Functional responses related to mentalizing (i.e. understanding, and consequently predicting, mental and psychological states and behaviours) were assessed using a variant of the classical Reading the Mind in the Eyes Test, in which the patient is presented with a set of eyes and then asked to choose (from a list of two) the emotional state.>",sub-3256,mean: 38.1,372 M / 233 F,Mental 100,575 right / 37 left,60,1,1-4,mA,NA,Right,NA,Zenodo,MNI coordinates,29.00,13.00,22.00,"Coletta, L., Avesani, P., Zigiotto, L., Venturini, M., Annicchiarico, L., Vavassori, L., Ng, S., Duffau, H., & Sarubbo, S. (2024). Integrating direct electrical brain stimulation with the human connectome. Brain, 147(3), 1100–1111. https://doi.org/10.1093/brain/awad929",,
"Coletta et al., 2024",Italy,612,612,Tumor,Awake craniotomy,FALSE,0,FALSE,0,0,0,FALSE,0,0,0,FALSE,0,0,FALSE,0,0,0,FALSE,0,0,0,0,0,FALSE,FALSE,0,0,0,FALSE,0,0,0,0,FALSE,0,0,0,0,0,TRUE,FALSE,0,0,0,0,0,1,FALSE,FALSE,0,0,0,0,0,FALSE,0,0,0,0,0,0,0,FALSE,0,"Fronto-temporo-parieto-occipital, subcortical areas","Mentalizing - <Functional responses related to mentalizing (i.e. understanding, and consequently predicting, mental and psychological states and behaviours) were assessed using a variant of the classical Reading the Mind in the Eyes Test, in which the patient is presented with a set of eyes and then asked to choose (from a list of two) the emotional state.>",sub-3114,mean: 38.1,372 M / 233 F,Mental 101,575 right / 37 left,60,1,1-4,mA,NA,Right,NA,Zenodo,MNI coordinates,42.00,-15.00,-19.00,"Coletta, L., Avesani, P., Zigiotto, L., Venturini, M., Annicchiarico, L., Vavassori, L., Ng, S., Duffau, H., & Sarubbo, S. (2024). Integrating direct electrical brain stimulation with the human connectome. Brain, 147(3), 1100–1111. https://doi.org/10.1093/brain/awad930",,
"Coletta et al., 2024",Italy,612,612,Tumor,Awake craniotomy,FALSE,0,FALSE,0,0,0,FALSE,0,0,0,FALSE,0,0,FALSE,0,0,0,FALSE,0,0,0,0,0,FALSE,FALSE,0,0,0,FALSE,0,0,0,0,FALSE,0,0,0,0,0,TRUE,FALSE,0,0,0,0,0,1,FALSE,FALSE,0,0,0,0,0,FALSE,0,0,0,0,0,0,0,FALSE,0,"Fronto-temporo-parieto-occipital, subcortical areas","Mentalizing - <Functional responses related to mentalizing (i.e. understanding, and consequently predicting, mental and psychological states and behaviours) were assessed using a variant of the classical Reading the Mind in the Eyes Test, in which the patient is presented with a set of eyes and then asked to choose (from a list of two) the emotional state.>",sub-3116,mean: 38.1,372 M / 233 F,Mental 102,575 right / 37 left,60,1,1-4,mA,NA,Right,NA,Zenodo,MNI coordinates,40.00,-4.00,-30.00,"Coletta, L., Avesani, P., Zigiotto, L., Venturini, M., Annicchiarico, L., Vavassori, L., Ng, S., Duffau, H., & Sarubbo, S. (2024). Integrating direct electrical brain stimulation with the human connectome. Brain, 147(3), 1100–1111. https://doi.org/10.1093/brain/awad931",,
"Coletta et al., 2024",Italy,612,612,Tumor,Awake craniotomy,FALSE,0,FALSE,0,0,0,FALSE,0,0,0,FALSE,0,0,FALSE,0,0,0,FALSE,0,0,0,0,0,FALSE,FALSE,0,0,0,FALSE,0,0,0,0,FALSE,0,0,0,0,0,TRUE,FALSE,0,0,0,0,0,1,FALSE,FALSE,0,0,0,0,0,FALSE,0,0,0,0,0,0,0,FALSE,0,"Fronto-temporo-parieto-occipital, subcortical areas","Mentalizing - <Functional responses related to mentalizing (i.e. understanding, and consequently predicting, mental and psychological states and behaviours) were assessed using a variant of the classical Reading the Mind in the Eyes Test, in which the patient is presented with a set of eyes and then asked to choose (from a list of two) the emotional state.>",sub-3122,mean: 38.1,372 M / 233 F,Mental 103,575 right / 37 left,60,1,1-4,mA,NA,Right,NA,Zenodo,MNI coordinates,46.00,-9.00,-25.00,"Coletta, L., Avesani, P., Zigiotto, L., Venturini, M., Annicchiarico, L., Vavassori, L., Ng, S., Duffau, H., & Sarubbo, S. (2024). Integrating direct electrical brain stimulation with the human connectome. Brain, 147(3), 1100–1111. https://doi.org/10.1093/brain/awad932",,
"Coletta et al., 2024",Italy,612,612,Tumor,Awake craniotomy,FALSE,0,FALSE,0,0,0,FALSE,0,0,0,FALSE,0,0,FALSE,0,0,0,FALSE,0,0,0,0,0,FALSE,FALSE,0,0,0,FALSE,0,0,0,0,FALSE,0,0,0,0,0,TRUE,FALSE,0,0,0,0,0,1,FALSE,FALSE,0,0,0,0,0,FALSE,0,0,0,0,0,0,0,FALSE,0,"Fronto-temporo-parieto-occipital, subcortical areas","Mentalizing - <Functional responses related to mentalizing (i.e. understanding, and consequently predicting, mental and psychological states and behaviours) were assessed using a variant of the classical Reading the Mind in the Eyes Test, in which the patient is presented with a set of eyes and then asked to choose (from a list of two) the emotional state.>",sub-3127,mean: 38.1,372 M / 233 F,Mental 104,575 right / 37 left,60,1,1-4,mA,NA,Right,NA,Zenodo,MNI coordinates,36.00,20.00,-2.00,"Coletta, L., Avesani, P., Zigiotto, L., Venturini, M., Annicchiarico, L., Vavassori, L., Ng, S., Duffau, H., & Sarubbo, S. (2024). Integrating direct electrical brain stimulation with the human connectome. Brain, 147(3), 1100–1111. https://doi.org/10.1093/brain/awad933",,
"Coletta et al., 2024",Italy,612,612,Tumor,Awake craniotomy,FALSE,0,FALSE,0,0,0,FALSE,0,0,0,FALSE,0,0,FALSE,0,0,0,FALSE,0,0,0,0,0,FALSE,FALSE,0,0,0,FALSE,0,0,0,0,FALSE,0,0,0,0,0,TRUE,FALSE,0,0,0,0,0,1,FALSE,FALSE,0,0,0,0,0,FALSE,0,0,0,0,0,0,0,FALSE,0,"Fronto-temporo-parieto-occipital, subcortical areas","Mentalizing - <Functional responses related to mentalizing (i.e. understanding, and consequently predicting, mental and psychological states and behaviours) were assessed using a variant of the classical Reading the Mind in the Eyes Test, in which the patient is presented with a set of eyes and then asked to choose (from a list of two) the emotional state.>",sub-3129,mean: 38.1,372 M / 233 F,Mental 105,575 right / 37 left,60,1,1-4,mA,NA,Right,NA,Zenodo,MNI coordinates,39.00,-10.00,-14.00,"Coletta, L., Avesani, P., Zigiotto, L., Venturini, M., Annicchiarico, L., Vavassori, L., Ng, S., Duffau, H., & Sarubbo, S. (2024). Integrating direct electrical brain stimulation with the human connectome. Brain, 147(3), 1100–1111. https://doi.org/10.1093/brain/awad934",,
"Coletta et al., 2024",Italy,612,612,Tumor,Awake craniotomy,FALSE,0,FALSE,0,0,0,FALSE,0,0,0,FALSE,0,0,FALSE,0,0,0,FALSE,0,0,0,0,0,FALSE,FALSE,0,0,0,FALSE,0,0,0,0,FALSE,0,0,0,0,0,TRUE,FALSE,0,0,0,0,0,1,FALSE,FALSE,0,0,0,0,0,FALSE,0,0,0,0,0,0,0,FALSE,0,"Fronto-temporo-parieto-occipital, subcortical areas","Mentalizing - <Functional responses related to mentalizing (i.e. understanding, and consequently predicting, mental and psychological states and behaviours) were assessed using a variant of the classical Reading the Mind in the Eyes Test, in which the patient is presented with a set of eyes and then asked to choose (from a list of two) the emotional state.>",sub-3129,mean: 38.1,372 M / 233 F,Mental 106,575 right / 37 left,60,1,1-4,mA,NA,Right,NA,Zenodo,MNI coordinates,32.00,19.00,-2.00,"Coletta, L., Avesani, P., Zigiotto, L., Venturini, M., Annicchiarico, L., Vavassori, L., Ng, S., Duffau, H., & Sarubbo, S. (2024). Integrating direct electrical brain stimulation with the human connectome. Brain, 147(3), 1100–1111. https://doi.org/10.1093/brain/awad935",,
"Coletta et al., 2024",Italy,612,612,Tumor,Awake craniotomy,FALSE,0,FALSE,0,0,0,FALSE,0,0,0,FALSE,0,0,FALSE,0,0,0,FALSE,0,0,0,0,0,FALSE,FALSE,0,0,0,FALSE,0,0,0,0,FALSE,0,0,0,0,0,TRUE,FALSE,0,0,0,0,0,1,FALSE,FALSE,0,0,0,0,0,FALSE,0,0,0,0,0,0,0,FALSE,0,"Fronto-temporo-parieto-occipital, subcortical areas","Mentalizing - <Functional responses related to mentalizing (i.e. understanding, and consequently predicting, mental and psychological states and behaviours) were assessed using a variant of the classical Reading the Mind in the Eyes Test, in which the patient is presented with a set of eyes and then asked to choose (from a list of two) the emotional state.>",sub-3133,mean: 38.1,372 M / 233 F,Mental 107,575 right / 37 left,60,1,1-4,mA,NA,Right,NA,Zenodo,MNI coordinates,20.00,39.00,13.00,"Coletta, L., Avesani, P., Zigiotto, L., Venturini, M., Annicchiarico, L., Vavassori, L., Ng, S., Duffau, H., & Sarubbo, S. (2024). Integrating direct electrical brain stimulation with the human connectome. Brain, 147(3), 1100–1111. https://doi.org/10.1093/brain/awad936",,
"Coletta et al., 2024",Italy,612,612,Tumor,Awake craniotomy,FALSE,0,FALSE,0,0,0,FALSE,0,0,0,FALSE,0,0,FALSE,0,0,0,FALSE,0,0,0,0,0,FALSE,FALSE,0,0,0,FALSE,0,0,0,0,FALSE,0,0,0,0,0,TRUE,FALSE,0,0,0,0,0,1,FALSE,FALSE,0,0,0,0,0,FALSE,0,0,0,0,0,0,0,FALSE,0,"Fronto-temporo-parieto-occipital, subcortical areas","Mentalizing - <Functional responses related to mentalizing (i.e. understanding, and consequently predicting, mental and psychological states and behaviours) were assessed using a variant of the classical Reading the Mind in the Eyes Test, in which the patient is presented with a set of eyes and then asked to choose (from a list of two) the emotional state.>",sub-3135,mean: 38.1,372 M / 233 F,Mental 108,575 right / 37 left,60,1,1-4,mA,NA,Left,NA,Zenodo,MNI coordinates,-20.00,55.00,14.00,"Coletta, L., Avesani, P., Zigiotto, L., Venturini, M., Annicchiarico, L., Vavassori, L., Ng, S., Duffau, H., & Sarubbo, S. (2024). Integrating direct electrical brain stimulation with the human connectome. Brain, 147(3), 1100–1111. https://doi.org/10.1093/brain/awad937",,
"Coletta et al., 2024",Italy,612,612,Tumor,Awake craniotomy,FALSE,0,FALSE,0,0,0,FALSE,0,0,0,FALSE,0,0,FALSE,0,0,0,FALSE,0,0,0,0,0,FALSE,FALSE,0,0,0,FALSE,0,0,0,0,FALSE,0,0,0,0,0,TRUE,FALSE,0,0,0,0,0,1,FALSE,FALSE,0,0,0,0,0,FALSE,0,0,0,0,0,0,0,FALSE,0,"Fronto-temporo-parieto-occipital, subcortical areas","Mentalizing - <Functional responses related to mentalizing (i.e. understanding, and consequently predicting, mental and psychological states and behaviours) were assessed using a variant of the classical Reading the Mind in the Eyes Test, in which the patient is presented with a set of eyes and then asked to choose (from a list of two) the emotional state.>",sub-3136,mean: 38.1,372 M / 233 F,Mental 109,575 right / 37 left,60,1,1-4,mA,NA,Right,NA,Zenodo,MNI coordinates,28.00,10.00,42.00,"Coletta, L., Avesani, P., Zigiotto, L., Venturini, M., Annicchiarico, L., Vavassori, L., Ng, S., Duffau, H., & Sarubbo, S. (2024). Integrating direct electrical brain stimulation with the human connectome. Brain, 147(3), 1100–1111. https://doi.org/10.1093/brain/awad938",,
"Coletta et al., 2024",Italy,612,612,Tumor,Awake craniotomy,FALSE,0,FALSE,0,0,0,FALSE,0,0,0,FALSE,0,0,FALSE,0,0,0,FALSE,0,0,0,0,0,FALSE,FALSE,0,0,0,FALSE,0,0,0,0,FALSE,0,0,0,0,0,TRUE,FALSE,0,0,0,0,0,1,FALSE,FALSE,0,0,0,0,0,FALSE,0,0,0,0,0,0,0,FALSE,0,"Fronto-temporo-parieto-occipital, subcortical areas","Mentalizing - <Functional responses related to mentalizing (i.e. understanding, and consequently predicting, mental and psychological states and behaviours) were assessed using a variant of the classical Reading the Mind in the Eyes Test, in which the patient is presented with a set of eyes and then asked to choose (from a list of two) the emotional state.>",sub-3262,mean: 38.1,372 M / 233 F,Mental 110,575 right / 37 left,60,1,1-4,mA,NA,Left,NA,Zenodo,MNI coordinates,-33.00,8.00,33.00,"Coletta, L., Avesani, P., Zigiotto, L., Venturini, M., Annicchiarico, L., Vavassori, L., Ng, S., Duffau, H., & Sarubbo, S. (2024). Integrating direct electrical brain stimulation with the human connectome. Brain, 147(3), 1100–1111. https://doi.org/10.1093/brain/awad939",,
"Coletta et al., 2024",Italy,612,612,Tumor,Awake craniotomy,FALSE,0,FALSE,0,0,0,FALSE,0,0,0,FALSE,0,0,FALSE,0,0,0,FALSE,0,0,0,0,0,FALSE,FALSE,0,0,0,FALSE,0,0,0,0,FALSE,0,0,0,0,0,TRUE,FALSE,0,0,0,0,0,1,FALSE,FALSE,0,0,0,0,0,FALSE,0,0,0,0,0,0,0,FALSE,0,"Fronto-temporo-parieto-occipital, subcortical areas","Mentalizing - <Functional responses related to mentalizing (i.e. understanding, and consequently predicting, mental and psychological states and behaviours) were assessed using a variant of the classical Reading the Mind in the Eyes Test, in which the patient is presented with a set of eyes and then asked to choose (from a list of two) the emotional state.>",sub-3263,mean: 38.1,372 M / 233 F,Mental 111,575 right / 37 left,60,1,1-4,mA,NA,Right,NA,Zenodo,MNI coordinates,33.00,16.00,-5.00,"Coletta, L., Avesani, P., Zigiotto, L., Venturini, M., Annicchiarico, L., Vavassori, L., Ng, S., Duffau, H., & Sarubbo, S. (2024). Integrating direct electrical brain stimulation with the human connectome. Brain, 147(3), 1100–1111. https://doi.org/10.1093/brain/awad940",,
"Coletta et al., 2024",Italy,612,612,Tumor,Awake craniotomy,FALSE,0,FALSE,0,0,0,FALSE,0,0,0,FALSE,0,0,FALSE,0,0,0,FALSE,0,0,0,0,0,FALSE,FALSE,0,0,0,FALSE,0,0,0,0,FALSE,0,0,0,0,0,TRUE,FALSE,0,0,0,0,0,1,FALSE,FALSE,0,0,0,0,0,FALSE,0,0,0,0,0,0,0,FALSE,0,"Fronto-temporo-parieto-occipital, subcortical areas","Mentalizing - <Functional responses related to mentalizing (i.e. understanding, and consequently predicting, mental and psychological states and behaviours) were assessed using a variant of the classical Reading the Mind in the Eyes Test, in which the patient is presented with a set of eyes and then asked to choose (from a list of two) the emotional state.>",sub-3144,mean: 38.1,372 M / 233 F,Mental 112,575 right / 37 left,60,1,1-4,mA,NA,Left,NA,Zenodo,MNI coordinates,-23.00,39.00,21.00,"Coletta, L., Avesani, P., Zigiotto, L., Venturini, M., Annicchiarico, L., Vavassori, L., Ng, S., Duffau, H., & Sarubbo, S. (2024). Integrating direct electrical brain stimulation with the human connectome. Brain, 147(3), 1100–1111. https://doi.org/10.1093/brain/awad941",,
"Coletta et al., 2024",Italy,612,612,Tumor,Awake craniotomy,FALSE,0,FALSE,0,0,0,FALSE,0,0,0,FALSE,0,0,FALSE,0,0,0,FALSE,0,0,0,0,0,FALSE,FALSE,0,0,0,FALSE,0,0,0,0,FALSE,0,0,0,0,0,TRUE,FALSE,0,0,0,0,0,1,FALSE,FALSE,0,0,0,0,0,FALSE,0,0,0,0,0,0,0,FALSE,0,"Fronto-temporo-parieto-occipital, subcortical areas","Mentalizing - <Functional responses related to mentalizing (i.e. understanding, and consequently predicting, mental and psychological states and behaviours) were assessed using a variant of the classical Reading the Mind in the Eyes Test, in which the patient is presented with a set of eyes and then asked to choose (from a list of two) the emotional state.>",sub-3265,mean: 38.1,372 M / 233 F,Mental 113,575 right / 37 left,60,1,1-4,mA,NA,Left,NA,Zenodo,MNI coordinates,-49.00,-43.00,-14.00,"Coletta, L., Avesani, P., Zigiotto, L., Venturini, M., Annicchiarico, L., Vavassori, L., Ng, S., Duffau, H., & Sarubbo, S. (2024). Integrating direct electrical brain stimulation with the human connectome. Brain, 147(3), 1100–1111. https://doi.org/10.1093/brain/awad942",,
"Coletta et al., 2024",Italy,612,612,Tumor,Awake craniotomy,FALSE,0,FALSE,0,0,0,FALSE,0,0,0,FALSE,0,0,FALSE,0,0,0,FALSE,0,0,0,0,0,FALSE,FALSE,0,0,0,FALSE,0,0,0,0,FALSE,0,0,0,0,0,TRUE,FALSE,0,0,0,0,0,1,FALSE,FALSE,0,0,0,0,0,FALSE,0,0,0,0,0,0,0,FALSE,0,"Fronto-temporo-parieto-occipital, subcortical areas","Mentalizing - <Functional responses related to mentalizing (i.e. understanding, and consequently predicting, mental and psychological states and behaviours) were assessed using a variant of the classical Reading the Mind in the Eyes Test, in which the patient is presented with a set of eyes and then asked to choose (from a list of two) the emotional state.>",sub-3156,mean: 38.1,372 M / 233 F,Mental 114,575 right / 37 left,60,1,1-4,mA,NA,Right,NA,Zenodo,MNI coordinates,35.00,11.00,23.00,"Coletta, L., Avesani, P., Zigiotto, L., Venturini, M., Annicchiarico, L., Vavassori, L., Ng, S., Duffau, H., & Sarubbo, S. (2024). Integrating direct electrical brain stimulation with the human connectome. Brain, 147(3), 1100–1111. https://doi.org/10.1093/brain/awad943",,
"Coletta et al., 2024",Italy,612,612,Tumor,Awake craniotomy,FALSE,0,FALSE,0,0,0,FALSE,0,0,0,FALSE,0,0,FALSE,0,0,0,FALSE,0,0,0,0,0,FALSE,FALSE,0,0,0,FALSE,0,0,0,0,FALSE,0,0,0,0,0,TRUE,FALSE,0,0,0,0,0,1,FALSE,FALSE,0,0,0,0,0,FALSE,0,0,0,0,0,0,0,FALSE,0,"Fronto-temporo-parieto-occipital, subcortical areas","Mentalizing - <Functional responses related to mentalizing (i.e. understanding, and consequently predicting, mental and psychological states and behaviours) were assessed using a variant of the classical Reading the Mind in the Eyes Test, in which the patient is presented with a set of eyes and then asked to choose (from a list of two) the emotional state.>",sub-3157,mean: 38.1,372 M / 233 F,Mental 115,575 right / 37 left,60,1,1-4,mA,NA,Right,NA,Zenodo,MNI coordinates,29.00,-14.00,-15.00,"Coletta, L., Avesani, P., Zigiotto, L., Venturini, M., Annicchiarico, L., Vavassori, L., Ng, S., Duffau, H., & Sarubbo, S. (2024). Integrating direct electrical brain stimulation with the human connectome. Brain, 147(3), 1100–1111. https://doi.org/10.1093/brain/awad944",,
"Coletta et al., 2024",Italy,612,612,Tumor,Awake craniotomy,FALSE,0,FALSE,0,0,0,FALSE,0,0,0,FALSE,0,0,FALSE,0,0,0,FALSE,0,0,0,0,0,FALSE,FALSE,0,0,0,FALSE,0,0,0,0,FALSE,0,0,0,0,0,TRUE,FALSE,0,0,0,0,0,1,FALSE,FALSE,0,0,0,0,0,FALSE,0,0,0,0,0,0,0,FALSE,0,"Fronto-temporo-parieto-occipital, subcortical areas","Mentalizing - <Functional responses related to mentalizing (i.e. understanding, and consequently predicting, mental and psychological states and behaviours) were assessed using a variant of the classical Reading the Mind in the Eyes Test, in which the patient is presented with a set of eyes and then asked to choose (from a list of two) the emotional state.>",sub-3160,mean: 38.1,372 M / 233 F,Mental 116,575 right / 37 left,60,1,1-4,mA,NA,Right,NA,Zenodo,MNI coordinates,32.00,6.00,-14.00,"Coletta, L., Avesani, P., Zigiotto, L., Venturini, M., Annicchiarico, L., Vavassori, L., Ng, S., Duffau, H., & Sarubbo, S. (2024). Integrating direct electrical brain stimulation with the human connectome. Brain, 147(3), 1100–1111. https://doi.org/10.1093/brain/awad945",,
"Coletta et al., 2024",Italy,612,612,Tumor,Awake craniotomy,FALSE,0,FALSE,0,0,0,FALSE,0,0,0,FALSE,0,0,FALSE,0,0,0,FALSE,0,0,0,0,0,FALSE,FALSE,0,0,0,FALSE,0,0,0,0,FALSE,0,0,0,0,0,TRUE,FALSE,0,0,0,0,0,1,FALSE,FALSE,0,0,0,0,0,FALSE,0,0,0,0,0,0,0,FALSE,0,"Fronto-temporo-parieto-occipital, subcortical areas","Mentalizing - <Functional responses related to mentalizing (i.e. understanding, and consequently predicting, mental and psychological states and behaviours) were assessed using a variant of the classical Reading the Mind in the Eyes Test, in which the patient is presented with a set of eyes and then asked to choose (from a list of two) the emotional state.>",sub-3163,mean: 38.1,372 M / 233 F,Mental 117,575 right / 37 left,60,1,1-4,mA,NA,Right,NA,Zenodo,MNI coordinates,13.00,13.00,46.00,"Coletta, L., Avesani, P., Zigiotto, L., Venturini, M., Annicchiarico, L., Vavassori, L., Ng, S., Duffau, H., & Sarubbo, S. (2024). Integrating direct electrical brain stimulation with the human connectome. Brain, 147(3), 1100–1111. https://doi.org/10.1093/brain/awad946",,
"Coletta et al., 2024",Italy,612,612,Tumor,Awake craniotomy,FALSE,0,FALSE,0,0,0,FALSE,0,0,0,FALSE,0,0,FALSE,0,0,0,FALSE,0,0,0,0,0,FALSE,FALSE,0,0,0,FALSE,0,0,0,0,FALSE,0,0,0,0,0,TRUE,FALSE,0,0,0,0,0,1,FALSE,FALSE,0,0,0,0,0,FALSE,0,0,0,0,0,0,0,FALSE,0,"Fronto-temporo-parieto-occipital, subcortical areas","Mentalizing - <Functional responses related to mentalizing (i.e. understanding, and consequently predicting, mental and psychological states and behaviours) were assessed using a variant of the classical Reading the Mind in the Eyes Test, in which the patient is presented with a set of eyes and then asked to choose (from a list of two) the emotional state.>",sub-3163,mean: 38.1,372 M / 233 F,Mental 118,575 right / 37 left,60,1,1-4,mA,NA,Right,NA,Zenodo,MNI coordinates,19.00,21.00,56.00,"Coletta, L., Avesani, P., Zigiotto, L., Venturini, M., Annicchiarico, L., Vavassori, L., Ng, S., Duffau, H., & Sarubbo, S. (2024). Integrating direct electrical brain stimulation with the human connectome. Brain, 147(3), 1100–1111. https://doi.org/10.1093/brain/awad947",,
"Coletta et al., 2024",Italy,612,612,Tumor,Awake craniotomy,FALSE,0,FALSE,0,0,0,FALSE,0,0,0,FALSE,0,0,FALSE,0,0,0,FALSE,0,0,0,0,0,FALSE,FALSE,0,0,0,FALSE,0,0,0,0,FALSE,0,0,0,0,0,TRUE,FALSE,0,0,0,0,0,1,FALSE,FALSE,0,0,0,0,0,FALSE,0,0,0,0,0,0,0,FALSE,0,"Fronto-temporo-parieto-occipital, subcortical areas","Mentalizing - <Functional responses related to mentalizing (i.e. understanding, and consequently predicting, mental and psychological states and behaviours) were assessed using a variant of the classical Reading the Mind in the Eyes Test, in which the patient is presented with a set of eyes and then asked to choose (from a list of two) the emotional state.>",sub-3166,mean: 38.1,372 M / 233 F,Mental 119,575 right / 37 left,60,1,1-4,mA,NA,Right,NA,Zenodo,MNI coordinates,37.00,4.00,-16.00,"Coletta, L., Avesani, P., Zigiotto, L., Venturini, M., Annicchiarico, L., Vavassori, L., Ng, S., Duffau, H., & Sarubbo, S. (2024). Integrating direct electrical brain stimulation with the human connectome. Brain, 147(3), 1100–1111. https://doi.org/10.1093/brain/awad948",,
"Coletta et al., 2024",Italy,612,612,Tumor,Awake craniotomy,FALSE,0,FALSE,0,0,0,FALSE,0,0,0,FALSE,0,0,FALSE,0,0,0,FALSE,0,0,0,0,0,FALSE,FALSE,0,0,0,FALSE,0,0,0,0,FALSE,0,0,0,0,0,TRUE,FALSE,0,0,0,0,0,1,FALSE,FALSE,0,0,0,0,0,FALSE,0,0,0,0,0,0,0,FALSE,0,"Fronto-temporo-parieto-occipital, subcortical areas","Mentalizing - <Functional responses related to mentalizing (i.e. understanding, and consequently predicting, mental and psychological states and behaviours) were assessed using a variant of the classical Reading the Mind in the Eyes Test, in which the patient is presented with a set of eyes and then asked to choose (from a list of two) the emotional state.>",sub-3169,mean: 38.1,372 M / 233 F,Mental 120,575 right / 37 left,60,1,1-4,mA,NA,Left,NA,Zenodo,MNI coordinates,-19.00,24.00,38.00,"Coletta, L., Avesani, P., Zigiotto, L., Venturini, M., Annicchiarico, L., Vavassori, L., Ng, S., Duffau, H., & Sarubbo, S. (2024). Integrating direct electrical brain stimulation with the human connectome. Brain, 147(3), 1100–1111. https://doi.org/10.1093/brain/awad949",,
"Coletta et al., 2024",Italy,612,612,Tumor,Awake craniotomy,FALSE,0,FALSE,0,0,0,FALSE,0,0,0,FALSE,0,0,FALSE,0,0,0,FALSE,0,0,0,0,0,FALSE,FALSE,0,0,0,FALSE,0,0,0,0,FALSE,0,0,0,0,0,TRUE,FALSE,0,0,0,0,0,1,FALSE,FALSE,0,0,0,0,0,FALSE,0,0,0,0,0,0,0,FALSE,0,"Fronto-temporo-parieto-occipital, subcortical areas","Mentalizing - <Functional responses related to mentalizing (i.e. understanding, and consequently predicting, mental and psychological states and behaviours) were assessed using a variant of the classical Reading the Mind in the Eyes Test, in which the patient is presented with a set of eyes and then asked to choose (from a list of two) the emotional state.>",sub-3173,mean: 38.1,372 M / 233 F,Mental 121,575 right / 37 left,60,1,1-4,mA,NA,Right,NA,Zenodo,MNI coordinates,48.00,-14.00,-21.00,"Coletta, L., Avesani, P., Zigiotto, L., Venturini, M., Annicchiarico, L., Vavassori, L., Ng, S., Duffau, H., & Sarubbo, S. (2024). Integrating direct electrical brain stimulation with the human connectome. Brain, 147(3), 1100–1111. https://doi.org/10.1093/brain/awad950",,
"Coletta et al., 2024",Italy,612,612,Tumor,Awake craniotomy,FALSE,0,FALSE,0,0,0,FALSE,0,0,0,FALSE,0,0,FALSE,0,0,0,FALSE,0,0,0,0,0,FALSE,FALSE,0,0,0,FALSE,0,0,0,0,FALSE,0,0,0,0,0,TRUE,FALSE,0,0,0,0,0,1,FALSE,FALSE,0,0,0,0,0,FALSE,0,0,0,0,0,0,0,FALSE,0,"Fronto-temporo-parieto-occipital, subcortical areas","Mentalizing - <Functional responses related to mentalizing (i.e. understanding, and consequently predicting, mental and psychological states and behaviours) were assessed using a variant of the classical Reading the Mind in the Eyes Test, in which the patient is presented with a set of eyes and then asked to choose (from a list of two) the emotional state.>",sub-3174,mean: 38.1,372 M / 233 F,Mental 122,575 right / 37 left,60,1,1-4,mA,NA,Right,NA,Zenodo,MNI coordinates,18.00,0.00,40.00,"Coletta, L., Avesani, P., Zigiotto, L., Venturini, M., Annicchiarico, L., Vavassori, L., Ng, S., Duffau, H., & Sarubbo, S. (2024). Integrating direct electrical brain stimulation with the human connectome. Brain, 147(3), 1100–1111. https://doi.org/10.1093/brain/awad951",,
"Coletta et al., 2024",Italy,612,612,Tumor,Awake craniotomy,FALSE,0,FALSE,0,0,0,FALSE,0,0,0,FALSE,0,0,FALSE,0,0,0,FALSE,0,0,0,0,0,FALSE,FALSE,0,0,0,FALSE,0,0,0,0,FALSE,0,0,0,0,0,TRUE,FALSE,0,0,0,0,0,1,FALSE,FALSE,0,0,0,0,0,FALSE,0,0,0,0,0,0,0,FALSE,0,"Fronto-temporo-parieto-occipital, subcortical areas","Mentalizing - <Functional responses related to mentalizing (i.e. understanding, and consequently predicting, mental and psychological states and behaviours) were assessed using a variant of the classical Reading the Mind in the Eyes Test, in which the patient is presented with a set of eyes and then asked to choose (from a list of two) the emotional state.>",sub-3185,mean: 38.1,372 M / 233 F,Mental 123,575 right / 37 left,60,1,1-4,mA,NA,Right,NA,Zenodo,MNI coordinates,47.00,-8.00,-20.00,"Coletta, L., Avesani, P., Zigiotto, L., Venturini, M., Annicchiarico, L., Vavassori, L., Ng, S., Duffau, H., & Sarubbo, S. (2024). Integrating direct electrical brain stimulation with the human connectome. Brain, 147(3), 1100–1111. https://doi.org/10.1093/brain/awad952",,
"Coletta et al., 2024",Italy,612,612,Tumor,Awake craniotomy,FALSE,0,FALSE,0,0,0,FALSE,0,0,0,FALSE,0,0,FALSE,0,0,0,FALSE,0,0,0,0,0,FALSE,FALSE,0,0,0,FALSE,0,0,0,0,FALSE,0,0,0,0,0,TRUE,FALSE,0,0,0,0,0,1,FALSE,FALSE,0,0,0,0,0,FALSE,0,0,0,0,0,0,0,FALSE,0,"Fronto-temporo-parieto-occipital, subcortical areas","Mentalizing - <Functional responses related to mentalizing (i.e. understanding, and consequently predicting, mental and psychological states and behaviours) were assessed using a variant of the classical Reading the Mind in the Eyes Test, in which the patient is presented with a set of eyes and then asked to choose (from a list of two) the emotional state.>",sub-3272,mean: 38.1,372 M / 233 F,Mental 124,575 right / 37 left,60,1,1-4,mA,NA,Right,NA,Zenodo,MNI coordinates,37.00,-8.00,-30.00,"Coletta, L., Avesani, P., Zigiotto, L., Venturini, M., Annicchiarico, L., Vavassori, L., Ng, S., Duffau, H., & Sarubbo, S. (2024). Integrating direct electrical brain stimulation with the human connectome. Brain, 147(3), 1100–1111. https://doi.org/10.1093/brain/awad953",,
"Coletta et al., 2024",Italy,612,612,Tumor,Awake craniotomy,FALSE,0,FALSE,0,0,0,FALSE,0,0,0,FALSE,0,0,FALSE,0,0,0,FALSE,0,0,0,0,0,FALSE,FALSE,0,0,0,FALSE,0,0,0,0,FALSE,0,0,0,0,0,TRUE,FALSE,0,0,0,0,0,1,FALSE,FALSE,0,0,0,0,0,FALSE,0,0,0,0,0,0,0,FALSE,0,"Fronto-temporo-parieto-occipital, subcortical areas","Mentalizing - <Functional responses related to mentalizing (i.e. understanding, and consequently predicting, mental and psychological states and behaviours) were assessed using a variant of the classical Reading the Mind in the Eyes Test, in which the patient is presented with a set of eyes and then asked to choose (from a list of two) the emotional state.>",sub-3187,mean: 38.1,372 M / 233 F,Mental 125,575 right / 37 left,60,1,1-4,mA,NA,Left,NA,Zenodo,MNI coordinates,-28.00,23.00,-1.00,"Coletta, L., Avesani, P., Zigiotto, L., Venturini, M., Annicchiarico, L., Vavassori, L., Ng, S., Duffau, H., & Sarubbo, S. (2024). Integrating direct electrical brain stimulation with the human connectome. Brain, 147(3), 1100–1111. https://doi.org/10.1093/brain/awad954",,
"Coletta et al., 2024",Italy,612,612,Tumor,Awake craniotomy,FALSE,0,FALSE,0,0,0,FALSE,0,0,0,FALSE,0,0,FALSE,0,0,0,FALSE,0,0,0,0,0,FALSE,FALSE,0,0,0,FALSE,0,0,0,0,FALSE,0,0,0,0,0,TRUE,FALSE,0,0,0,0,0,1,FALSE,FALSE,0,0,0,0,0,FALSE,0,0,0,0,0,0,0,FALSE,0,"Fronto-temporo-parieto-occipital, subcortical areas","Mentalizing - <Functional responses related to mentalizing (i.e. understanding, and consequently predicting, mental and psychological states and behaviours) were assessed using a variant of the classical Reading the Mind in the Eyes Test, in which the patient is presented with a set of eyes and then asked to choose (from a list of two) the emotional state.>",sub-3187,mean: 38.1,372 M / 233 F,Mental 126,575 right / 37 left,60,1,1-4,mA,NA,Left,NA,Zenodo,MNI coordinates,-29.00,23.00,3.00,"Coletta, L., Avesani, P., Zigiotto, L., Venturini, M., Annicchiarico, L., Vavassori, L., Ng, S., Duffau, H., & Sarubbo, S. (2024). Integrating direct electrical brain stimulation with the human connectome. Brain, 147(3), 1100–1111. https://doi.org/10.1093/brain/awad955",,
"Coletta et al., 2024",Italy,612,612,Tumor,Awake craniotomy,FALSE,0,FALSE,0,0,0,FALSE,0,0,0,FALSE,0,0,FALSE,0,0,0,FALSE,0,0,0,0,0,FALSE,FALSE,0,0,0,FALSE,0,0,0,0,FALSE,0,0,0,0,0,TRUE,FALSE,0,0,0,0,0,1,FALSE,FALSE,0,0,0,0,0,FALSE,0,0,0,0,0,0,0,FALSE,0,"Fronto-temporo-parieto-occipital, subcortical areas","Mentalizing - <Functional responses related to mentalizing (i.e. understanding, and consequently predicting, mental and psychological states and behaviours) were assessed using a variant of the classical Reading the Mind in the Eyes Test, in which the patient is presented with a set of eyes and then asked to choose (from a list of two) the emotional state.>",sub-3273,mean: 38.1,372 M / 233 F,Mental 127,575 right / 37 left,60,1,1-4,mA,NA,Right,NA,Zenodo,MNI coordinates,50.00,-40.00,-13.00,"Coletta, L., Avesani, P., Zigiotto, L., Venturini, M., Annicchiarico, L., Vavassori, L., Ng, S., Duffau, H., & Sarubbo, S. (2024). Integrating direct electrical brain stimulation with the human connectome. Brain, 147(3), 1100–1111. https://doi.org/10.1093/brain/awad956",,
"Coletta et al., 2024",Italy,612,612,Tumor,Awake craniotomy,FALSE,0,FALSE,0,0,0,FALSE,0,0,0,FALSE,0,0,FALSE,0,0,0,FALSE,0,0,0,0,0,FALSE,FALSE,0,0,0,FALSE,0,0,0,0,FALSE,0,0,0,0,0,TRUE,FALSE,0,0,0,0,0,1,FALSE,FALSE,0,0,0,0,0,FALSE,0,0,0,0,0,0,0,FALSE,0,"Fronto-temporo-parieto-occipital, subcortical areas","Mentalizing - <Functional responses related to mentalizing (i.e. understanding, and consequently predicting, mental and psychological states and behaviours) were assessed using a variant of the classical Reading the Mind in the Eyes Test, in which the patient is presented with a set of eyes and then asked to choose (from a list of two) the emotional state.>",sub-3305,mean: 38.1,372 M / 233 F,Mental 128,575 right / 37 left,60,1,1-4,mA,NA,Right,NA,Zenodo,MNI coordinates,34.00,20.00,13.00,"Coletta, L., Avesani, P., Zigiotto, L., Venturini, M., Annicchiarico, L., Vavassori, L., Ng, S., Duffau, H., & Sarubbo, S. (2024). Integrating direct electrical brain stimulation with the human connectome. Brain, 147(3), 1100–1111. https://doi.org/10.1093/brain/awad957",,
"Coletta et al., 2024",Italy,612,612,Tumor,Awake craniotomy,FALSE,0,FALSE,0,0,0,FALSE,0,0,0,FALSE,0,0,FALSE,0,0,0,FALSE,0,0,0,0,0,FALSE,FALSE,0,0,0,FALSE,0,0,0,0,FALSE,0,0,0,0,0,TRUE,FALSE,0,0,0,0,0,1,FALSE,FALSE,0,0,0,0,0,FALSE,0,0,0,0,0,0,0,FALSE,0,"Fronto-temporo-parieto-occipital, subcortical areas","Mentalizing - <Functional responses related to mentalizing (i.e. understanding, and consequently predicting, mental and psychological states and behaviours) were assessed using a variant of the classical Reading the Mind in the Eyes Test, in which the patient is presented with a set of eyes and then asked to choose (from a list of two) the emotional state.>",sub-3190,mean: 38.1,372 M / 233 F,Mental 129,575 right / 37 left,60,1,1-4,mA,NA,Right,NA,Zenodo,MNI coordinates,26.00,24.00,13.00,"Coletta, L., Avesani, P., Zigiotto, L., Venturini, M., Annicchiarico, L., Vavassori, L., Ng, S., Duffau, H., & Sarubbo, S. (2024). Integrating direct electrical brain stimulation with the human connectome. Brain, 147(3), 1100–1111. https://doi.org/10.1093/brain/awad958",,
"Coletta et al., 2024",Italy,612,612,Tumor,Awake craniotomy,FALSE,0,FALSE,0,0,0,FALSE,0,0,0,FALSE,0,0,FALSE,0,0,0,FALSE,0,0,0,0,0,FALSE,FALSE,0,0,0,FALSE,0,0,0,0,FALSE,0,0,0,0,0,TRUE,FALSE,0,0,0,0,0,1,FALSE,FALSE,0,0,0,0,0,FALSE,0,0,0,0,0,0,0,FALSE,0,"Fronto-temporo-parieto-occipital, subcortical areas","Mentalizing - <Functional responses related to mentalizing (i.e. understanding, and consequently predicting, mental and psychological states and behaviours) were assessed using a variant of the classical Reading the Mind in the Eyes Test, in which the patient is presented with a set of eyes and then asked to choose (from a list of two) the emotional state.>",sub-3192,mean: 38.1,372 M / 233 F,Mental 130,575 right / 37 left,60,1,1-4,mA,NA,Right,NA,Zenodo,MNI coordinates,36.00,9.00,-1.00,"Coletta, L., Avesani, P., Zigiotto, L., Venturini, M., Annicchiarico, L., Vavassori, L., Ng, S., Duffau, H., & Sarubbo, S. (2024). Integrating direct electrical brain stimulation with the human connectome. Brain, 147(3), 1100–1111. https://doi.org/10.1093/brain/awad959",,
"Coletta et al., 2024",Italy,612,612,Tumor,Awake craniotomy,FALSE,0,FALSE,0,0,0,FALSE,0,0,0,FALSE,0,0,FALSE,0,0,0,FALSE,0,0,0,0,0,FALSE,FALSE,0,0,0,FALSE,0,0,0,0,FALSE,0,0,0,0,0,TRUE,FALSE,0,0,0,0,0,1,FALSE,FALSE,0,0,0,0,0,FALSE,0,0,0,0,0,0,0,FALSE,0,"Fronto-temporo-parieto-occipital, subcortical areas","Mentalizing - <Functional responses related to mentalizing (i.e. understanding, and consequently predicting, mental and psychological states and behaviours) were assessed using a variant of the classical Reading the Mind in the Eyes Test, in which the patient is presented with a set of eyes and then asked to choose (from a list of two) the emotional state.>",sub-3192,mean: 38.1,372 M / 233 F,Mental 131,575 right / 37 left,60,1,1-4,mA,NA,Right,NA,Zenodo,MNI coordinates,26.00,24.00,1.00,"Coletta, L., Avesani, P., Zigiotto, L., Venturini, M., Annicchiarico, L., Vavassori, L., Ng, S., Duffau, H., & Sarubbo, S. (2024). Integrating direct electrical brain stimulation with the human connectome. Brain, 147(3), 1100–1111. https://doi.org/10.1093/brain/awad960",,
"Coletta et al., 2024",Italy,612,612,Tumor,Awake craniotomy,FALSE,0,FALSE,0,0,0,FALSE,0,0,0,FALSE,0,0,FALSE,0,0,0,FALSE,0,0,0,0,0,FALSE,FALSE,0,0,0,FALSE,0,0,0,0,FALSE,0,0,0,0,0,TRUE,FALSE,0,0,0,0,0,1,FALSE,FALSE,0,0,0,0,0,FALSE,0,0,0,0,0,0,0,FALSE,0,"Fronto-temporo-parieto-occipital, subcortical areas","Mentalizing - <Functional responses related to mentalizing (i.e. understanding, and consequently predicting, mental and psychological states and behaviours) were assessed using a variant of the classical Reading the Mind in the Eyes Test, in which the patient is presented with a set of eyes and then asked to choose (from a list of two) the emotional state.>",sub-3274,mean: 38.1,372 M / 233 F,Mental 132,575 right / 37 left,60,1,1-4,mA,NA,Right,NA,Zenodo,MNI coordinates,37.00,-22.00,-11.00,"Coletta, L., Avesani, P., Zigiotto, L., Venturini, M., Annicchiarico, L., Vavassori, L., Ng, S., Duffau, H., & Sarubbo, S. (2024). Integrating direct electrical brain stimulation with the human connectome. Brain, 147(3), 1100–1111. https://doi.org/10.1093/brain/awad961",,
"Coletta et al., 2024",Italy,612,612,Tumor,Awake craniotomy,FALSE,0,FALSE,0,0,0,FALSE,0,0,0,FALSE,0,0,FALSE,0,0,0,FALSE,0,0,0,0,0,FALSE,FALSE,0,0,0,FALSE,0,0,0,0,FALSE,0,0,0,0,0,TRUE,FALSE,0,0,0,0,0,1,FALSE,FALSE,0,0,0,0,0,FALSE,0,0,0,0,0,0,0,FALSE,0,"Fronto-temporo-parieto-occipital, subcortical areas","Mentalizing - <Functional responses related to mentalizing (i.e. understanding, and consequently predicting, mental and psychological states and behaviours) were assessed using a variant of the classical Reading the Mind in the Eyes Test, in which the patient is presented with a set of eyes and then asked to choose (from a list of two) the emotional state.>",sub-3294,mean: 38.1,372 M / 233 F,Mental 133,575 right / 37 left,60,1,1-4,mA,NA,Right,NA,Zenodo,MNI coordinates,6.00,49.00,22.00,"Coletta, L., Avesani, P., Zigiotto, L., Venturini, M., Annicchiarico, L., Vavassori, L., Ng, S., Duffau, H., & Sarubbo, S. (2024). Integrating direct electrical brain stimulation with the human connectome. Brain, 147(3), 1100–1111. https://doi.org/10.1093/brain/awad962",,
"Coletta et al., 2024",Italy,612,612,Tumor,Awake craniotomy,FALSE,0,FALSE,0,0,0,FALSE,0,0,0,FALSE,0,0,FALSE,0,0,0,FALSE,0,0,0,0,0,FALSE,FALSE,0,0,0,FALSE,0,0,0,0,FALSE,0,0,0,0,0,TRUE,FALSE,0,0,0,0,0,1,FALSE,FALSE,0,0,0,0,0,FALSE,0,0,0,0,0,0,0,FALSE,0,"Fronto-temporo-parieto-occipital, subcortical areas","Mentalizing - <Functional responses related to mentalizing (i.e. understanding, and consequently predicting, mental and psychological states and behaviours) were assessed using a variant of the classical Reading the Mind in the Eyes Test, in which the patient is presented with a set of eyes and then asked to choose (from a list of two) the emotional state.>",sub-3275,mean: 38.1,372 M / 233 F,Mental 134,575 right / 37 left,60,1,1-4,mA,NA,Right,NA,Zenodo,MNI coordinates,36.00,19.00,-3.00,"Coletta, L., Avesani, P., Zigiotto, L., Venturini, M., Annicchiarico, L., Vavassori, L., Ng, S., Duffau, H., & Sarubbo, S. (2024). Integrating direct electrical brain stimulation with the human connectome. Brain, 147(3), 1100–1111. https://doi.org/10.1093/brain/awad963",,
"Coletta et al., 2024",Italy,612,612,Tumor,Awake craniotomy,FALSE,0,FALSE,0,0,0,FALSE,0,0,0,FALSE,0,0,FALSE,0,0,0,FALSE,0,0,0,0,0,FALSE,FALSE,0,0,0,FALSE,0,0,0,0,FALSE,0,0,0,0,0,TRUE,FALSE,0,0,0,0,0,1,FALSE,FALSE,0,0,0,0,0,FALSE,0,0,0,0,0,0,0,FALSE,0,"Fronto-temporo-parieto-occipital, subcortical areas","Mentalizing - <Functional responses related to mentalizing (i.e. understanding, and consequently predicting, mental and psychological states and behaviours) were assessed using a variant of the classical Reading the Mind in the Eyes Test, in which the patient is presented with a set of eyes and then asked to choose (from a list of two) the emotional state.>",sub-3197,mean: 38.1,372 M / 233 F,Mental 135,575 right / 37 left,60,1,1-4,mA,NA,Right,NA,Zenodo,MNI coordinates,26.00,22.00,30.00,"Coletta, L., Avesani, P., Zigiotto, L., Venturini, M., Annicchiarico, L., Vavassori, L., Ng, S., Duffau, H., & Sarubbo, S. (2024). Integrating direct electrical brain stimulation with the human connectome. Brain, 147(3), 1100–1111. https://doi.org/10.1093/brain/awad964",,
"Coletta et al., 2024",Italy,612,612,Tumor,Awake craniotomy,FALSE,0,FALSE,0,0,0,FALSE,0,0,0,FALSE,0,0,FALSE,0,0,0,FALSE,0,0,0,0,0,FALSE,FALSE,0,0,0,FALSE,0,0,0,0,FALSE,0,0,0,0,0,TRUE,FALSE,0,0,0,0,0,1,FALSE,FALSE,0,0,0,0,0,FALSE,0,0,0,0,0,0,0,FALSE,0,"Fronto-temporo-parieto-occipital, subcortical areas","Mentalizing - <Functional responses related to mentalizing (i.e. understanding, and consequently predicting, mental and psychological states and behaviours) were assessed using a variant of the classical Reading the Mind in the Eyes Test, in which the patient is presented with a set of eyes and then asked to choose (from a list of two) the emotional state.>",sub-3296,mean: 38.1,372 M / 233 F,Mental 136,575 right / 37 left,60,1,1-4,mA,NA,Right,NA,Zenodo,MNI coordinates,42.00,-23.00,-8.00,"Coletta, L., Avesani, P., Zigiotto, L., Venturini, M., Annicchiarico, L., Vavassori, L., Ng, S., Duffau, H., & Sarubbo, S. (2024). Integrating direct electrical brain stimulation with the human connectome. Brain, 147(3), 1100–1111. https://doi.org/10.1093/brain/awad965",,
"Coletta et al., 2024",Italy,612,612,Tumor,Awake craniotomy,FALSE,0,FALSE,0,0,0,FALSE,0,0,0,FALSE,0,0,FALSE,0,0,0,FALSE,0,0,0,0,0,FALSE,FALSE,0,0,0,FALSE,0,0,0,0,FALSE,0,0,0,0,0,TRUE,FALSE,0,0,0,0,0,1,FALSE,FALSE,0,0,0,0,0,FALSE,0,0,0,0,0,0,0,FALSE,0,"Fronto-temporo-parieto-occipital, subcortical areas","Mentalizing - <Functional responses related to mentalizing (i.e. understanding, and consequently predicting, mental and psychological states and behaviours) were assessed using a variant of the classical Reading the Mind in the Eyes Test, in which the patient is presented with a set of eyes and then asked to choose (from a list of two) the emotional state.>",sub-3296,mean: 38.1,372 M / 233 F,Mental 137,575 right / 37 left,60,1,1-4,mA,NA,Right,NA,Zenodo,MNI coordinates,43.00,-30.00,-9.00,"Coletta, L., Avesani, P., Zigiotto, L., Venturini, M., Annicchiarico, L., Vavassori, L., Ng, S., Duffau, H., & Sarubbo, S. (2024). Integrating direct electrical brain stimulation with the human connectome. Brain, 147(3), 1100–1111. https://doi.org/10.1093/brain/awad966",,
"Denis et al., 2016",Canada,6,6,Epilepsy,SEEG,TRUE,0,FALSE,0,0,0,FALSE,0,0,0,FALSE,0,0,TRUE,0,0,0,FALSE,0,0,0,0,0,FALSE,FALSE,0,0,0,FALSE,0,0,0,0,FALSE,0,0,0,0,0,FALSE,FALSE,0,0,0,0,0,0,FALSE,FALSE,0,0,0,0,0,FALSE,0,0,0,0,0,0,0,FALSE,0,NA,"<During determination of insular stimulation intensity, several evoked sensations were reported by the subjects. [...] strange odours (with after-discharges)>",Subject 1,25,F,Stim 1,NA,150,0.75,6,mA,5,Right,"Insula, middle",Points on scans - Fig. 2,Reconstructed ,37.48,10.62,-1.18,"Denis, D. J., Marouf, R., Rainville, P., Bouthillier, A., & Nguyen, D. K. (2016). Effects of insular stimulation on thermal nociception. European Journal of Pain, 20(6), 800–810. https://doi.org/10.1002/ejp.806",,
"Denis et al., 2016",Canada,6,6,Epilepsy,SEEG,TRUE,0,FALSE,0,0,0,FALSE,0,0,0,FALSE,0,0,FALSE,0,0,0,TRUE,1,0,0,0,0,FALSE,FALSE,0,0,0,FALSE,0,0,0,0,FALSE,0,0,0,0,0,FALSE,FALSE,0,0,0,0,0,0,FALSE,FALSE,0,0,0,0,0,FALSE,0,0,0,0,0,0,0,FALSE,0,NA,"Increase in heat nociceptive thresholds with stimulation, with no change in cold or pressure pain thresholds  ",Subject 1,25,F,Stim 2,NA,150,0.75,3.3,mA,600,Right,"Insula, middle",Points on scans - Fig. 2,Reconstructed ,37.48,10.62,-1.18,"Denis, D. J., Marouf, R., Rainville, P., Bouthillier, A., & Nguyen, D. K. (2016). Effects of insular stimulation on thermal nociception. European Journal of Pain, 20(6), 800–810. https://doi.org/10.1002/ejp.806",,
"Denis et al., 2016",Canada,6,6,Epilepsy,SEEG,TRUE,0,FALSE,0,0,0,FALSE,0,0,0,FALSE,0,0,FALSE,0,0,0,TRUE,1,0,1,0,0,FALSE,FALSE,0,0,0,FALSE,0,0,0,0,FALSE,0,0,0,0,0,FALSE,FALSE,0,0,0,0,0,0,FALSE,FALSE,0,0,0,0,0,FALSE,0,0,0,0,0,0,0,FALSE,0,NA,"<During determination of insular stimulation intensity, several evoked sensations were reported by the subjects. [...] painful electric shocks and paraesthesiae on the contralateral hand>",Subject 2,47,M,Stim 1,NA,150,0.75,0.6,mA,5,Left,"Insula, posterior-superior",Points on scans - Fig. 2,Reconstructed ,-37.02,-15.09,15.53,"Denis, D. J., Marouf, R., Rainville, P., Bouthillier, A., & Nguyen, D. K. (2016). Effects of insular stimulation on thermal nociception. European Journal of Pain, 20(6), 800–810. https://doi.org/10.1002/ejp.806",,
"Denis et al., 2016",Canada,6,6,Epilepsy,SEEG,TRUE,0,FALSE,0,0,0,FALSE,0,0,0,FALSE,0,0,FALSE,0,0,0,TRUE,1,0,0,0,0,FALSE,FALSE,0,0,0,FALSE,0,0,0,0,FALSE,0,0,0,0,0,FALSE,FALSE,0,0,0,0,0,0,FALSE,FALSE,0,0,0,0,0,FALSE,0,0,0,0,0,0,0,FALSE,0,NA,"Increase in heat nociceptive thresholds with stimulation, with no change in cold or pressure pain thresholds  ",Subject 2,47,M,Stim 2,NA,150,0.75,0.4,mA,600,Left,"Insula, posterior-superior",Points on scans - Fig. 2,Reconstructed ,-37.02,-15.09,15.53,"Denis, D. J., Marouf, R., Rainville, P., Bouthillier, A., & Nguyen, D. K. (2016). Effects of insular stimulation on thermal nociception. European Journal of Pain, 20(6), 800–810. https://doi.org/10.1002/ejp.806",,
"Denis et al., 2016",Canada,6,6,Epilepsy,SEEG,TRUE,0,FALSE,0,0,0,FALSE,0,0,0,FALSE,0,0,FALSE,0,0,0,TRUE,0,1,1,0,1,FALSE,FALSE,0,0,0,FALSE,0,0,0,0,FALSE,0,0,0,0,0,FALSE,FALSE,0,0,0,0,0,0,FALSE,FALSE,0,0,0,0,0,FALSE,0,0,0,0,0,0,0,FALSE,0,NA,"<During determination of insular stimulation intensity, several evoked sensations were reported by the subjects. [...] paraesthesiae over contralateral lips and fingers>",Subject 3,38,F,Stim 1,NA,150,0.75,2.5,mA,5,Left ,"Insula, posterior-superior",Points on scans - Fig. 2,Reconstructed ,-39.89,-11.66,12.10,"Denis, D. J., Marouf, R., Rainville, P., Bouthillier, A., & Nguyen, D. K. (2016). Effects of insular stimulation on thermal nociception. European Journal of Pain, 20(6), 800–810. https://doi.org/10.1002/ejp.806",,
"Denis et al., 2016",Canada,6,6,Epilepsy,SEEG,TRUE,0,FALSE,0,0,0,FALSE,0,0,0,FALSE,0,0,FALSE,0,0,0,TRUE,1,0,0,0,0,FALSE,FALSE,0,0,0,FALSE,0,0,0,0,FALSE,0,0,0,0,0,FALSE,FALSE,0,0,0,0,0,0,FALSE,FALSE,0,0,0,0,0,FALSE,0,0,0,0,0,0,0,FALSE,0,NA,"Increase in heat nociceptive thresholds with stimulation, with no change in cold or pressure pain thresholds  ",Subject 3,38,F,Stim 2,NA,150,0.75,1.5,mA,600,Left,"Insula, posterior-superior",Points on scans - Fig. 2,Reconstructed ,-39.89,-11.66,12.10,"Denis, D. J., Marouf, R., Rainville, P., Bouthillier, A., & Nguyen, D. K. (2016). Effects of insular stimulation on thermal nociception. European Journal of Pain, 20(6), 800–810. https://doi.org/10.1002/ejp.806",,
"Denis et al., 2016",Canada,6,6,Epilepsy,SEEG,FALSE,0,FALSE,0,0,0,FALSE,0,0,0,FALSE,0,0,FALSE,0,0,0,FALSE,0,0,0,0,0,FALSE,FALSE,0,0,0,FALSE,0,0,0,0,FALSE,0,0,0,0,0,FALSE,FALSE,0,0,0,0,0,0,FALSE,FALSE,0,0,0,0,0,FALSE,0,0,0,0,0,0,0,TRUE,0,NA,No effect - <Subject 4 did not report any sensations during stimulation>,Subject 4,32,F,Stim 1,NA,150,0.75,0.5-10,mA,5,Right,"Insula, posterior-superior",Points on scans - Fig. 2,Reconstructed ,34.11,-15.95,16.60,"Denis, D. J., Marouf, R., Rainville, P., Bouthillier, A., & Nguyen, D. K. (2016). Effects of insular stimulation on thermal nociception. European Journal of Pain, 20(6), 800–810. https://doi.org/10.1002/ejp.806",,
"Denis et al., 2016",Canada,6,6,Epilepsy,SEEG,TRUE,0,FALSE,0,0,0,FALSE,0,0,0,FALSE,0,0,FALSE,0,0,0,TRUE,1,0,0,0,0,FALSE,FALSE,0,0,0,FALSE,0,0,0,0,FALSE,0,0,0,0,0,FALSE,FALSE,0,0,0,0,0,0,FALSE,FALSE,0,0,0,0,0,FALSE,0,0,0,0,0,0,0,FALSE,0,NA,"Increase in heat nociceptive thresholds with stimulation, with no change in cold or pressure pain thresholds  ",Subject 4,32,F,Stim 2,NA,150,0.75,7,mA,600,Right,"Insula, posterior-superior",Points on scans - Fig. 2,Reconstructed ,34.11,-15.95,16.60,"Denis, D. J., Marouf, R., Rainville, P., Bouthillier, A., & Nguyen, D. K. (2016). Effects of insular stimulation on thermal nociception. European Journal of Pain, 20(6), 800–810. https://doi.org/10.1002/ejp.806",,
"Denis et al., 2016",Canada,6,6,Epilepsy,SEEG,FALSE,0,FALSE,0,0,0,FALSE,0,0,0,FALSE,0,0,FALSE,0,0,0,FALSE,0,0,0,0,0,FALSE,FALSE,0,0,0,FALSE,0,0,0,0,FALSE,0,0,0,0,0,FALSE,FALSE,0,0,0,0,0,0,FALSE,FALSE,0,0,0,0,0,FALSE,0,0,0,0,0,0,0,TRUE,0,NA,No effect - <Subject 5 did not report any sensations during stimulation>,Subject 5,25,M,Stim 1,NA,150,0.75,0.5-10,mA,5,Left,"Insula, posterior-superior / Heschl gyrus",Points on scans - Fig. 2,Reconstructed ,-47.17,-11.67,8.46,"Denis, D. J., Marouf, R., Rainville, P., Bouthillier, A., & Nguyen, D. K. (2016). Effects of insular stimulation on thermal nociception. European Journal of Pain, 20(6), 800–810. https://doi.org/10.1002/ejp.806",,
"Denis et al., 2016",Canada,6,6,Epilepsy,SEEG,TRUE,0,FALSE,0,0,0,FALSE,0,0,0,FALSE,0,0,FALSE,0,0,0,TRUE,1,0,0,0,0,FALSE,FALSE,0,0,0,FALSE,0,0,0,0,FALSE,0,0,0,0,0,FALSE,FALSE,0,0,0,0,0,0,FALSE,FALSE,0,0,0,0,0,FALSE,0,0,0,0,0,0,0,FALSE,0,NA,"Increase in heat nociceptive thresholds with stimulation, with no change in cold or pressure pain thresholds  ",Subject 5,25,M,Stim 2,NA,150,0.75,7,mA,600,Left,"Insula, posterior-superior / Heschl gyrus",Points on scans - Fig. 2,Reconstructed ,-47.17,-11.67,8.46,"Denis, D. J., Marouf, R., Rainville, P., Bouthillier, A., & Nguyen, D. K. (2016). Effects of insular stimulation on thermal nociception. European Journal of Pain, 20(6), 800–810. https://doi.org/10.1002/ejp.806",,
"Denis et al., 2016",Canada,6,6,Epilepsy,SEEG,TRUE,0,TRUE,0,0,1,FALSE,0,0,0,FALSE,0,0,FALSE,0,0,0,FALSE,0,0,0,0,0,FALSE,FALSE,0,0,0,FALSE,0,0,0,0,FALSE,0,0,0,0,0,FALSE,FALSE,0,0,0,0,0,0,FALSE,FALSE,0,0,0,0,0,FALSE,0,0,0,0,0,0,0,FALSE,0,NA,"<During determination of insular stimulation intensity, several evoked sensations were reported by the subjects. [...] after-discharges and contralateral hyperacusis>",Subject 6,41,M,Stim 1,NA,150,0.75,9,mA,5,Right,"Insula, posterior",Points on scans - Fig. 2,Reconstructed ,36.33,-17.67,7.39,"Denis, D. J., Marouf, R., Rainville, P., Bouthillier, A., & Nguyen, D. K. (2016). Effects of insular stimulation on thermal nociception. European Journal of Pain, 20(6), 800–810. https://doi.org/10.1002/ejp.806",,
"Denis et al., 2016",Canada,6,6,Epilepsy,SEEG,TRUE,0,FALSE,0,0,0,FALSE,0,0,0,FALSE,0,0,FALSE,0,0,0,TRUE,1,0,0,0,0,FALSE,FALSE,0,0,0,FALSE,0,0,0,0,FALSE,0,0,0,0,0,FALSE,FALSE,0,0,0,0,0,0,FALSE,FALSE,0,0,0,0,0,FALSE,0,0,0,0,0,0,0,FALSE,0,NA,"Increase in heat nociceptive thresholds with stimulation, with no change in cold or pressure pain thresholds  ",Subject 6,41,M,Stim 2,NA,150,0.75,6,mA,600,Right,"Insula, posterior",Points on scans - Fig. 2,Reconstructed ,36.33,-17.67,7.39,"Denis, D. J., Marouf, R., Rainville, P., Bouthillier, A., & Nguyen, D. K. (2016). Effects of insular stimulation on thermal nociception. European Journal of Pain, 20(6), 800–810. https://doi.org/10.1002/ejp.806",,
"Toffa et al., 2022",Canada,2,2,Epilepsy,SEEG,FALSE,0,FALSE,0,0,0,FALSE,0,0,0,FALSE,0,0,FALSE,0,0,0,FALSE,0,0,0,0,0,FALSE,FALSE,0,0,0,FALSE,0,0,0,0,FALSE,0,0,0,0,0,TRUE,FALSE,0,0,0,1,0,0,FALSE,FALSE,0,0,0,0,0,FALSE,0,0,0,0,0,0,0,FALSE,0,NA,Déjà vu - <as if he had already been in this situation and performed the same task>,Patient 1,24,M,"U4(1)-U4(2), 1",Right ,50,0.5,3,mA,NA,Right,"Insula, posterior long gyrus",Points on scans - Fig. 1,Reconstructed ,39.70,-3.90,-7.50,"Toffa, D. H., Bou Assi, E., Pépin, C., Martineau, L., Robert, M., Bouthillier, A., & Nguyen, D. K. (2022). Déjà-vu evoked by electrical stimulation of the insula: Stimulation-induced insular déjà-vu. Epileptic Disorders, 24(3), 561–566. https://doi.org/10.1684/epd.2022.1433",,
"Toffa et al., 2022",Canada,2,2,Epilepsy,SEEG,FALSE,0,FALSE,0,0,0,FALSE,0,0,0,FALSE,0,0,FALSE,0,0,0,FALSE,0,0,0,0,0,FALSE,FALSE,0,0,0,FALSE,0,0,0,0,FALSE,0,0,0,0,0,TRUE,FALSE,0,0,0,1,0,0,FALSE,FALSE,0,0,0,0,0,FALSE,0,0,0,0,0,0,0,FALSE,0,NA,Déjà vu - 5 days later - <as if he had already been in this situation and performed the same task>,Patient 1,24,M,"U4(1)-U4(2), 2",Right ,50,0.5,2.5,mA,NA,Right,"Insula, posterior long gyrus",Points on scans - Fig. 1,Reconstructed ,39.70,-3.90,-7.50,"Toffa, D. H., Bou Assi, E., Pépin, C., Martineau, L., Robert, M., Bouthillier, A., & Nguyen, D. K. (2022). Déjà-vu evoked by electrical stimulation of the insula: Stimulation-induced insular déjà-vu. Epileptic Disorders, 24(3), 561–566. https://doi.org/10.1684/epd.2022.1433",,
"Toffa et al., 2022",Canada,2,2,Epilepsy,SEEG,FALSE,0,FALSE,0,0,0,FALSE,0,0,0,FALSE,0,0,FALSE,0,0,0,FALSE,0,0,0,0,0,TRUE,FALSE,0,0,0,TRUE,0,1,0,0,TRUE,0,0,1,0,0,TRUE,FALSE,0,0,0,1,0,0,FALSE,FALSE,0,0,0,0,0,FALSE,0,0,0,0,0,0,0,FALSE,0,NA,"Déjà vu associated with anxiety and an epigastric sensation. <In one instance, she felt like the story she was reading was occurring at the same time in her head>",Patient 2,32,F,U1(2)-U1(3),Ambidextrous,50,0.5,3,mA,NA,Left,"Insula, anterior short gyrus",Points on scans - Fig. 2,Reconstructed ,-35.00,15.00,-8.50,"Toffa, D. H., Bou Assi, E., Pépin, C., Martineau, L., Robert, M., Bouthillier, A., & Nguyen, D. K. (2022). Déjà-vu evoked by electrical stimulation of the insula: Stimulation-induced insular déjà-vu. Epileptic Disorders, 24(3), 561–566. https://doi.org/10.1684/epd.2022.1433",,
"Toffa et al., 2022",Canada,2,2,Epilepsy,SEEG,FALSE,0,FALSE,0,0,0,FALSE,0,0,0,FALSE,0,0,FALSE,0,0,0,FALSE,0,0,0,0,0,TRUE,FALSE,0,0,0,TRUE,0,1,0,0,TRUE,0,0,1,0,0,TRUE,FALSE,0,0,0,1,0,0,FALSE,FALSE,0,0,0,0,0,FALSE,0,0,0,0,0,0,0,FALSE,0,NA,"Déjà vu associated with anxiety and an epigastric sensation. <In one instance, she felt like the story she was reading was occurring at the same time in her head>",Patient 2,32,F,U1(4)-U1(5),Ambidextrous,50,0.5,2.5,mA,NA,Left,"Insula, middle short gyrus",Points on scans - Fig. 2,Reconstructed ,-33.80,16.00,1.00,"Toffa, D. H., Bou Assi, E., Pépin, C., Martineau, L., Robert, M., Bouthillier, A., & Nguyen, D. K. (2022). Déjà-vu evoked by electrical stimulation of the insula: Stimulation-induced insular déjà-vu. Epileptic Disorders, 24(3), 561–566. https://doi.org/10.1684/epd.2022.1433",,
"Toffa et al., 2022",Canada,2,2,Epilepsy,SEEG,FALSE,0,FALSE,0,0,0,FALSE,0,0,0,FALSE,0,0,FALSE,0,0,0,FALSE,0,0,0,0,0,TRUE,FALSE,0,0,0,TRUE,0,1,0,0,TRUE,0,0,1,0,0,TRUE,FALSE,0,0,0,1,0,0,FALSE,FALSE,0,0,0,0,0,FALSE,0,0,0,0,0,0,0,FALSE,0,NA,"Déjà vu associated with anxiety and an epigastric sensation. <In one instance, she felt like the story she was reading was occurring at the same time in her head>",Patient 2,32,F,U3(1)-U3(2),Ambidextrous,50,0.5,3,mA,NA,Left,"Insula, anterior short gyrus",Points on scans - Fig. 2,Reconstructed ,-42.10,6.70,-9.00,"Toffa, D. H., Bou Assi, E., Pépin, C., Martineau, L., Robert, M., Bouthillier, A., & Nguyen, D. K. (2022). Déjà-vu evoked by electrical stimulation of the insula: Stimulation-induced insular déjà-vu. Epileptic Disorders, 24(3), 561–566. https://doi.org/10.1684/epd.2022.1433",,
"Jacobs et al., 2012",USA - Pennsylvania,1,1,Epilepsy,ECoG,TRUE,0,FALSE,0,0,0,TRUE,0,1,0,FALSE,0,0,FALSE,0,0,0,FALSE,0,0,0,0,0,FALSE,FALSE,0,0,0,FALSE,0,0,0,0,FALSE,0,0,0,0,0,TRUE,FALSE,0,0,1,0,0,0,FALSE,FALSE,0,0,0,0,0,FALSE,0,0,0,0,0,0,0,FALSE,0,Bilateral fronto-temporo-parieto-occipital,"Memory recollection - <The patient noted that he spontaneously experienced thoughts of his high-school. Here, he exclaimed, “Iʼm, like, remembering stuff from, like, high school.... Why is this suddenly popping in my head?” >",patient 1,30,M,Electrode 17,Right ,50,0.3,8,mA,1,Left,Ventral temporal / lateral occipito-temporal ,3D map - Fig. 1,Reconstructed ,-42.60,-44.30,-25.80,"Jacobs, J., Lega, B., & Anderson, C. (2012). Explaining how brain stimulation can evoke memories. Journal of Cognitive Neuroscience, 24(3), 553–563. https://doi.org/10.1162/jocn_a_00170",,
"Jacobs et al., 2012",USA - Pennsylvania,1,1,Epilepsy,ECoG,TRUE,0,FALSE,0,0,0,TRUE,0,1,0,FALSE,0,0,FALSE,0,0,0,FALSE,0,0,0,0,0,FALSE,FALSE,0,0,0,FALSE,0,0,0,0,FALSE,0,0,0,0,0,TRUE,FALSE,0,0,1,0,0,0,FALSE,FALSE,0,0,0,0,0,FALSE,0,0,0,0,0,0,0,FALSE,0,Bilateral fronto-temporo-parieto-occipital,"Memory recollection - <A few minutes later, the patient attempted to perform a task as we stimulated this site at 5 mA, but it again caused the patient to recall high-school memories and we stopped the task.> - <Patient: It again caused the patient to recall high school memories. It feels like flashbacks, it's again the things with ... Doctor: College? Patient: No high school. Doctor: Is it like hearing or seeing? Patient: It's seeing.>",patient 1,30,M,Electrode 17,Right ,50,0.3,5,mA,1,Left,Ventral temporal / lateral occipito-temporal ,3D map - Fig. 1,Reconstructed ,-42.60,-44.30,-25.90,"Jacobs, J., Lega, B., & Anderson, C. (2012). Explaining how brain stimulation can evoke memories. Journal of Cognitive Neuroscience, 24(3), 553–563. https://doi.org/10.1162/jocn_a_00170",,
"Jacobs et al., 2012",USA - Pennsylvania,1,1,Epilepsy,ECoG,TRUE,0,FALSE,0,0,0,TRUE,0,1,0,FALSE,0,0,FALSE,0,0,0,FALSE,0,0,0,0,0,FALSE,FALSE,0,0,0,FALSE,0,0,0,0,FALSE,0,0,0,0,0,TRUE,FALSE,0,0,1,0,0,0,FALSE,FALSE,0,0,0,0,0,FALSE,0,0,0,0,0,0,0,FALSE,0,Bilateral fronto-temporo-parieto-occipital,"Memory recollection - <In a separate session 14 days later, we again found that stimulation of this electrode caused the patient to spontaneously remember his  high-school. Stimulation-induced retrieval of HS memories occurred twice in this second session, at currents of 6 and 4 mA, both times with stimulation between Electrode 17 and the one immediately medial to it.> - <""It's the high school thing again…"">",patient 1,30,M,Electrode 17,Right ,50,0.6,6,mA,2.8,Left,Ventral temporal / lateral occipito-temporal ,3D map - Fig. 1,Reconstructed ,-42.60,-44.30,-25.10,"Jacobs, J., Lega, B., & Anderson, C. (2012). Explaining how brain stimulation can evoke memories. Journal of Cognitive Neuroscience, 24(3), 553–563. https://doi.org/10.1162/jocn_a_00170",,
"Jacobs et al., 2012",USA - Pennsylvania,1,1,Epilepsy,ECoG,TRUE,0,FALSE,0,0,0,TRUE,0,1,0,FALSE,0,0,FALSE,0,0,0,FALSE,0,0,0,0,0,FALSE,FALSE,0,0,0,FALSE,0,0,0,0,FALSE,0,0,0,0,0,TRUE,FALSE,0,0,1,0,0,0,FALSE,FALSE,0,0,0,0,0,FALSE,0,0,0,0,0,0,0,FALSE,0,Bilateral fronto-temporo-parieto-occipital,"Memory recollection - <In a separate session 14 days later, we again found that stimulation of this electrode caused the patient to spontaneously remember his high-school. Stimulation-induced retrieval of HS memories occurred twice in this second session, at currents of 6 and 4 mA, both times with stimulation between Electrode 17 and the one immediately medial to it.> - <Patient: It's the high school thing again it's like seeing all these teachers from high school. It's like seeing inside their classrooms and stuff. Doctor: Is it still happening right now? Patient: No. Doctor: Is it unpleasant?  Patient: It is just weird.>",patient 1,30,M,Electrode 17,Right ,50,0.6,4,mA,2.8,Left,Ventral temporal / lateral occipito-temporal ,3D map - Fig. 1,Reconstructed ,-42.60,-44.30,-25.11,"Jacobs, J., Lega, B., & Anderson, C. (2012). Explaining how brain stimulation can evoke memories. Journal of Cognitive Neuroscience, 24(3), 553–563. https://doi.org/10.1162/jocn_a_00170",,